code,name,trade_x,trade_y
603999 ,读者传媒,6.41,6.61
603998 ,方盛制药,6.4,6.43
603997 ,继峰股份,9.75,9.62
603996 ,中新科技,10.95,11.12
603993 ,洛阳钼业,4.93,4.9
603991 ,至正股份,21.55,21.99
603990 ,麦迪科技,49.33,48.43
603989 ,艾华集团,21.63,21.39
603988 ,中电电机,12.99,12.5
603987 ,康德莱,7.58,7.64
603986 ,兆易创新,104.59,101.5
603985 ,恒润股份,26.85,28.44
603980 ,吉华集团,14.68,14.46
603979 ,金诚信,9.13,9.13
603978 ,深圳新星,26.94,23.98
603977 ,国泰集团,8.46,8.52
603976 ,正川股份,21.07,20.77
603970 ,中农立华,17.14,17.25
603969 ,银龙股份,5.61,5.61
603968 ,醋化股份,15.39,15.71
603966 ,法兰泰克,11.28,11.21
603963 ,大理药业,15.01,15.84
603960 ,克来机电,36.5,35.71
603959 ,百利科技,19.38,19.25
603958 ,哈森股份,9.18,9.24
603956 ,威派格,28.18,28.24
603955 ,大千生态,17.63,18.09
603939 ,益丰药房,55.91,56.84
603938 ,三孚股份,22.12,22.96
603937 ,丽岛新材,13.54,13.57
603936 ,博敏电子,19.13,19.34
603933 ,睿能科技,21.26,21.3
603929 ,亚翔集成,18.98,19.05
603928 ,兴业股份,15.3,15.46
603926 ,铁流股份,17.56,17.49
603922 ,金鸿顺,20.03,21.17
603920 ,世运电路,14.02,14.01
603919 ,金徽酒,15.01,15.82
603918 ,金桥信息,14.74,14.89
603917 ,合力科技,13.09,13.15
603916 ,苏博特,13.87,13.95
603912 ,佳力图,16.97,16.92
603909 ,合诚股份,26.9,27.13
603908 ,牧高笛,25.55,25.6
603906 ,龙蟠科技,10.05,10.35
603903 ,中持股份,23.72,24.23
603901 ,永创智能,8.2,8.2
603900 ,莱绅通灵,14.5,14.34
603899 ,晨光文具,34.6,33.83
603898 ,好莱客,19.44,19.33
603897 ,长城科技,25.99,25.66
603896 ,寿仙谷,41.48,43.13
603895 ,天永智能,27.29,26.97
603890 ,春秋电子,14.04,14.09
603889 ,新澳股份,11.04,11.06
603888 ,新华网,22.35,26.15
603887 ,城地股份,18.99,18.97
603886 ,元祖股份,23.55,23.73
603885 ,吉祥航空,13.76,13.74
603883 ,老百姓,64.18,62.97
603882 ,金域医学,29.81,29.5
603881 ,数据港,37.05,41.18
603880 ,南卫股份,14.0,14.04
603879 ,永悦科技,11.64,12.39
603878 ,武进不锈,14.28,14.33
603877 ,太平鸟,20.15,20.01
603876 ,鼎胜新材,20.45,20.49
603871 ,嘉友国际,47.8,51.8
603869 ,新智认知,20.68,20.71
603868 ,飞科电器,44.88,44.96
603866 ,桃李面包,57.04,55.82
603861 ,白云电器,12.37,12.58
603860 ,中公高科,28.18,28.9
603859 ,能科股份,25.24,25.84
603858 ,步长制药,29.58,29.58
603856 ,东宏股份,13.5,13.22
603855 ,华荣股份,9.45,9.52
603848 ,好太太,18.02,17.97
603843 ,正平股份,9.18,9.5
603839 ,安正时尚,12.12,12.02
603838 ,四通股份,10.0,9.85
603833 ,欧派家居,108.7,108.01
603829 ,洛凯股份,12.75,13.22
603828 ,柯利达,10.15,10.27
603826 ,坤彩科技,17.84,18.59
603825 ,华扬联众,16.68,16.77
603823 ,百合花,17.92,17.71
603822 ,嘉澳环保,31.0,30.75
603819 ,神力股份,18.23,18.07
603818 ,曲美家居,8.16,8.34
603817 ,海峡环保,7.75,8.01
603816 ,顾家家居,57.47,58.17
603813 ,原尚股份,20.3,20.5
603811 ,诚意药业,18.54,18.79
603810 ,丰山集团,42.55,43.24
603809 ,豪能股份,17.08,17.07
603808 ,歌力思,17.65,17.62
603806 ,福斯特,35.02,35.41
603803 ,瑞斯康达,13.0,12.81
603801 ,志邦家居,29.92,30.24
603800 ,道森股份,14.33,14.1
603799 ,华友钴业,40.98,40.0
603798 ,康普顿,11.71,12.82
603797 ,联泰环保,13.64,13.79
603790 ,雅运股份,24.25,24.0
603789 ,星光农机,14.12,13.93
603788 ,宁波高发,16.97,16.8
603787 ,新日股份,11.95,11.8
603779 ,威龙股份,14.68,14.56
603778 ,乾景园林,5.05,5.08
603777 ,来伊份,12.07,11.9
603776 ,永安行,25.62,25.5
603773 ,沃格光电,51.41,50.75
603768 ,常青股份,13.6,13.75
603767 ,中马传动,7.98,8.04
603766 ,隆鑫通用,5.13,5.2
603758 ,秦安股份,7.28,7.07
603757 ,大元泵业,24.73,24.98
603739 ,蔚蓝生物,33.15,32.43
603738 ,泰晶科技,15.9,15.78
603737 ,三棵树,61.3,61.6
603733 ,仙鹤股份,17.29,17.73
603730 ,岱美股份,27.23,26.53
603729 ,龙韵股份,23.44,23.6
603728 ,鸣志电器,13.9,13.74
603727 ,博迈科,15.37,14.95
603726 ,朗迪集团,20.14,20.9
603725 ,天安新材,12.7,12.62
603722 ,阿科力,24.77,26.26
603721 ,中广天择,24.52,26.81
603718 ,海利生物,13.43,13.26
603717 ,天域生态,10.46,10.54
603716 ,塞力斯,19.5,22.14
603713 ,密尔克卫,37.64,39.12
603712 ,七一二,18.91,18.68
603711 ,香飘飘,27.45,27.11
603709 ,中源家居,29.99,29.45
603708 ,家家悦,24.53,24.12
603707 ,健友股份,37.6,34.22
603706 ,东方环宇,29.74,28.37
603703 ,盛洋科技,12.46,12.26
603701 ,德宏股份,13.95,13.64
603700 ,宁波水表,31.49,31.59
603699 ,纽威股份,12.54,12.37
603698 ,航天工程,17.08,17.83
603696 ,安记食品,14.09,14.16
603693 ,江苏新能,16.36,16.25
603690 ,至纯科技,23.07,22.8
603689 ,皖天然气,12.59,12.2
603688 ,石英股份,15.6,15.66
603686 ,龙马环卫,15.6,15.51
603685 ,晨丰科技,16.48,16.7
603683 ,晶华新材,16.11,15.84
603680 ,今创集团,17.6,17.37
603679 ,华体科技,39.6,39.68
603678 ,火炬电子,21.43,20.8
603677 ,奇精机械,15.39,15.31
603676 ,卫信康,14.02,14.09
603669 ,灵康药业,12.88,12.84
603668 ,天马科技,8.73,8.92
603667 ,五洲新春,10.3,10.15
603666 ,亿嘉和,67.48,68.27
603665 ,康隆达,26.73,26.6
603663 ,三祥新材,19.99,19.8
603661 ,恒林股份,35.47,35.36
603660 ,苏州科达,27.19,25.41
603659 ,璞泰来,56.79,56.55
603658 ,安图生物,66.88,65.24
603657 ,春光科技,36.46,33.9
603656 ,泰禾光电,18.92,18.76
603655 ,朗博科技,16.11,17.34
603650 ,彤程新材,23.21,22.91
603648 ,畅联股份,13.43,12.9
603639 ,海利尔,31.57,32.24
603638 ,艾迪精密,31.09,31.16
603637 ,镇海股份,17.55,17.2
603636 ,南威软件,14.3,14.55
603633 ,徕木股份,13.02,12.98
603630 ,拉芳家化,17.03,17.31
603629 ,利通电子,42.8,42.6
603628 ,清源股份,9.61,9.38
603626 ,科森科技,10.38,10.45
603619 ,中曼石油,19.81,18.99
603618 ,杭电股份,6.65,6.59
603617 ,君禾股份,19.74,19.73
603616 ,韩建河山,12.45,12.85
603615 ,茶花股份,10.3,10.36
603612 ,索通发展,15.18,15.3
603611 ,诺力股份,16.41,16.49
603609 ,禾丰牧业,11.31,11.05
603608 ,天创时尚,10.4,10.4
603607 ,京华激光,20.66,20.64
603606 ,东方电缆,11.44,11.6
603605 ,珀莱雅,59.29,58.02
603603 ,博天环境,19.99,19.7
603602 ,纵横通信,30.18,29.65
603601 ,再升科技,9.04,8.99
603600 ,永艺股份,9.92,9.85
603599 ,广信股份,15.65,15.86
603598 ,引力传媒,10.75,11.31
603596 ,伯特利,23.22,23.4
603595 ,东尼电子,41.15,42.3
603590 ,康辰药业,37.58,37.15
603589 ,口子窖,52.31,52.82
603588 ,高能环境,10.3,10.71
603587 ,地素时尚,27.28,27.1
603586 ,金麒麟,15.63,16.22
603585 ,苏利股份,25.95,25.72
603583 ,捷昌驱动,75.03,73.2
603580 ,艾艾精工,18.5,18.72
603579 ,荣泰健康,37.5,37.77
603578 ,三星新材,22.8,24.4
603577 ,汇金通,11.43,11.45
603569 ,长久物流,12.76,14.49
603568 ,伟明环保,25.61,25.37
603567 ,珍宝岛,13.52,13.4
603566 ,普莱柯,14.93,14.94
603559 ,中通国脉,25.34,25.35
603558 ,健盛集团,10.97,10.7
603557 ,起步股份,10.78,11.08
603556 ,海兴电力,16.29,16.27
603555 ,贵人鸟,7.09,7.13
603538 ,美诺华,19.91,19.99
603536 ,惠发股份,9.69,9.83
603535 ,嘉诚国际,21.04,21.04
603533 ,掌阅科技,22.45,22.45
603528 ,多伦科技,7.71,8.01
603527 ,众源新材,12.76,12.87
603520 ,司太立,29.93,29.54
603519 ,立霸股份,11.17,10.93
603518 ,维格娜丝,16.68,16.88
603517 ,绝味食品,46.37,44.6
603516 ,淳中科技,26.32,28.37
603515 ,欧普照明,33.77,34.17
603508 ,思维列控,47.2,46.6
603507 ,振江股份,27.04,28.62
603506 ,南都物业,24.89,24.62
603505 ,金石资源,17.39,17.29
603501 ,韦尔股份,51.57,50.13
603500 ,祥和实业,13.37,13.83
603499 ,翔港科技,30.84,30.19
603496 ,恒为科技,34.17,34.19
603488 ,展鹏科技,9.11,9.26
603486 ,科沃斯,62.0,62.2
603477 ,振静股份,8.87,8.95
603466 ,风语筑,19.36,18.95
603458 ,勘设股份,34.13,34.69
603456 ,九洲药业,9.95,9.92
603444 ,吉比特,212.78,213.6
603429 ,集友股份,32.59,32.12
603421 ,鼎信通讯,29.29,27.4
603416 ,信捷电气,28.79,28.6
603399 ,吉翔股份,12.66,12.39
603398 ,邦宝益智,13.16,13.36
603396 ,金辰股份,44.94,44.9
603393 ,新天然气,42.25,40.14
603389 ,亚振家居,11.6,11.57
603388 ,元成股份,12.18,12.23
603387 ,基蛋生物,36.41,38.8
603386 ,广东骏亚,17.9,17.85
603385 ,惠达卫浴,10.85,10.87
603383 ,顶点软件,86.82,90.98
603380 ,易德龙,17.31,17.15
603378 ,亚士创能,16.12,16.1
603377 ,东方时尚,16.56,16.9
603369 ,今世缘,27.61,26.65
603368 ,柳药股份,30.85,30.95
603367 ,辰欣药业,19.5,18.26
603366 ,日出东方,5.24,5.29
603365 ,水星家纺,17.02,17.09
603363 ,傲农生物,14.64,13.58
603360 ,百傲化学,19.57,19.67
603359 ,东珠生态,20.0,20.14
603358 ,华达科技,13.9,13.91
603357 ,设计总院,21.15,21.26
603356 ,华菱精工,14.98,14.95
603355 ,莱克电气,25.9,25.99
603351 ,威尔药业,60.83,60.39
603348 ,文灿股份,25.69,25.08
603345 ,安井食品,37.13,36.83
603339 ,四方科技,18.9,18.9
603338 ,浙江鼎力,80.5,79.08
603337 ,杰克股份,46.85,43.73
603336 ,宏辉果蔬,17.65,18.32
603335 ,迪生力,6.72,6.82
603333 ,尚纬股份,7.7,7.93
603332 ,苏州龙杰,38.15,38.09
603331 ,百达精工,17.11,17.5
603330 ,上海天洋,24.18,24.1
603329 ,上海雅仕,18.37,18.07
603328 ,依顿电子,11.25,11.4
603326 ,我乐家居,11.87,11.58
603323 ,吴江银行,7.95,8.03
603322 ,超讯通信,36.17,35.18
603321 ,梅轮电梯,8.52,8.51
603320 ,迪贝电气,20.38,20.21
603319 ,湘油泵,24.32,24.25
603318 ,派思股份,15.5,16.28
603316 ,诚邦股份,9.13,9.14
603315 ,福鞍股份,15.3,18.51
603313 ,梦百合,27.18,27.95
603311 ,金海环境,11.92,12.15
603309 ,维力医疗,12.64,12.58
603308 ,应流股份,10.96,11.01
603306 ,华懋科技,16.17,16.29
603305 ,旭升股份,37.3,36.98
603303 ,得邦照明,14.58,15.7
603301 ,振德医疗,36.38,35.78
603300 ,华铁科技,6.94,7.63
603299 ,苏盐井神,6.58,6.65
603298 ,杭叉集团,14.88,14.86
603297 ,永新光学,63.29,61.35
603289 ,泰瑞机器,11.69,11.67
603288 ,海天味业,78.14,78.13
603286 ,日盈电子,16.74,16.79
603283 ,赛腾股份,19.86,19.65
603278 ,大业股份,17.73,17.63
603277 ,银都股份,10.76,10.89
603269 ,海鸥股份,16.67,16.52
603268 ,松发股份,19.85,19.82
603266 ,天龙股份,19.89,19.45
603260 ,合盛硅业,60.76,59.91
603259 ,药明康德,97.48,93.42
603258 ,电魂网络,19.03,18.98
603239 ,浙江仙通,12.81,13.12
603238 ,诺邦股份,19.04,19.29
603233 ,大参林,46.69,46.92
603232 ,格尔软件,35.59,35.0
603229 ,奥翔药业,14.34,14.51
603228 ,景旺电子,65.25,65.0
603227 ,雪峰科技,4.9,5.13
603226 ,菲林格尔,19.31,20.5
603225 ,新凤鸣,21.51,21.14
603223 ,恒通股份,12.13,11.84
603222 ,济民制药,24.16,24.38
603220 ,贝通信,34.25,34.93
603218 ,日月股份,25.31,26.5
603214 ,爱婴室,41.95,41.88
603208 ,江山欧派,34.45,36.18
603203 ,快克股份,26.5,25.71
603200 ,上海洗霸,38.48,39.22
603199 ,九华旅游,21.95,21.89
603198 ,迎驾贡酒,17.76,17.66
603197 ,保隆科技,28.52,28.21
603196 ,日播时尚,10.65,10.39
603192 ,汇得科技,33.54,33.14
603189 ,网达软件,13.91,14.1
603188 ,亚邦股份,9.48,9.47
603187 ,海容冷链,49.04,49.2
603186 ,华正新材,27.21,29.36
603185 ,上机数控,55.21,55.96
603183 ,建研院,18.86,18.48
603181 ,皇马科技,21.84,21.45
603180 ,金牌厨柜,77.66,81.13
603179 ,新泉股份,18.26,18.35
603178 ,圣龙股份,13.33,12.24
603177 ,德创环保,11.69,12.57
603169 ,兰石重装,6.33,7.66
603168 ,莎普爱思,8.02,8.06
603167 ,渤海轮渡,9.97,10.49
603166 ,福达股份,6.59,6.66
603165 ,荣晟环保,20.13,20.67
603161 ,科华控股,16.35,16.2
603160 ,汇顶科技,104.25,103.09
603159 ,上海亚虹,21.14,21.61
603158 ,腾龙股份,18.75,19.5
603157 ,拉夏贝尔,9.48,9.45
603156 ,养元饮品,50.0,49.4
603139 ,康惠制药,18.1,18.21
603138 ,海量数据,22.64,23.31
603136 ,天目湖,36.52,37.12
603133 ,碳元科技,20.57,20.15
603131 ,上海沪工,25.76,25.3
603129 ,春风动力,22.47,24.61
603128 ,华贸物流,7.62,7.66
603127 ,昭衍新药,76.75,74.37
603126 ,中材节能,6.7,6.89
603123 ,翠微股份,6.75,6.73
603121 ,华培动力,29.95,29.92
603118 ,共进股份,8.74,9.08
603117 ,万林物流,4.46,4.53
603116 ,红蜻蜓,8.75,8.88
603113 ,金能科技,13.99,14.28
603111 ,康尼机电,5.46,5.44
603110 ,东方材料,13.61,13.9
603108 ,润达医疗,10.77,10.86
603106 ,恒银金融,13.25,13.38
603105 ,芯能科技,16.03,15.93
603103 ,横店影视,24.97,24.88
603101 ,汇嘉时代,13.71,14.02
603100 ,川仪股份,11.08,10.89
603099 ,长白山,10.39,10.54
603098 ,森特股份,14.0,14.0
603096 ,新经典,58.95,59.17
603090 ,宏盛股份,20.81,19.27
603089 ,正裕工业,20.38,20.74
603088 ,宁波精达,14.7,14.44
603086 ,先达股份,29.85,30.34
603085 ,天成自控,10.26,10.09
603083 ,剑桥科技,32.43,33.81
603081 ,大丰实业,19.8,17.17
603080 ,新疆火炬,24.31,24.78
603079 ,圣达生物,20.9,20.38
603078 ,江化微,32.0,31.73
603077 ,和邦生物,2.07,2.06
603076 ,乐惠国际,26.85,27.2
603069 ,海汽集团,8.01,8.15
603067 ,振华股份,9.53,9.44
603066 ,音飞储存,7.85,8.0
603063 ,禾望电气,10.84,11.44
603060 ,国检集团,26.46,27.01
603059 ,倍加洁,35.69,35.28
603058 ,永吉股份,11.6,11.45
603056 ,德邦股份,18.67,18.6
603055 ,台华新材,12.68,12.64
603050 ,科林电气,14.67,14.77
603045 ,福达合金,32.23,31.48
603043 ,广州酒家,33.44,30.47
603042 ,华脉科技,15.39,15.74
603041 ,美思德,17.99,16.94
603040 ,新坐标,30.48,30.29
603039 ,泛微网络,95.1,97.62
603038 ,华立股份,19.86,19.83
603037 ,凯众股份,22.56,22.23
603036 ,如通股份,15.24,14.52
603035 ,常熟汽饰,13.76,13.94
603033 ,三维股份,24.05,24.96
603032 ,德新交运,36.86,43.6
603031 ,安德利,13.44,13.75
603030 ,全筑股份,7.35,7.25
603029 ,天鹅股份,15.96,15.85
603028 ,赛福天,8.78,8.94
603027 ,千禾味业,22.35,21.92
603026 ,石大胜华,25.51,25.68
603025 ,大豪科技,12.02,11.98
603023 ,威帝股份,6.03,6.04
603022 ,新通联,10.59,10.82
603021 ,山东华鹏,7.02,7.08
603020 ,爱普股份,8.95,8.95
603019 ,中科曙光,62.09,61.34
603018 ,中设集团,21.82,22.15
603017 ,中衡设计,15.68,15.88
603016 ,新宏泰,21.07,20.98
603015 ,弘讯科技,7.72,9.12
603013 ,亚普股份,18.3,18.64
603012 ,创力集团,9.24,9.06
603011 ,合锻智能,6.15,6.21
603010 ,万盛股份,15.62,15.59
603009 ,北特科技,7.52,7.44
603008 ,喜临门,10.81,10.81
603007 ,花王股份,9.79,10.02
603006 ,联明股份,15.84,16.13
603005 ,晶方科技,21.54,22.08
603003 ,龙宇燃油,8.97,8.84
603002 ,宏昌电子,4.44,4.52
603001 ,奥康国际,11.9,11.91
603000 ,人民网,27.91,31.11
601999 ,出版传媒,6.68,6.86
601998 ,中信银行,6.4,6.36
601997 ,贵阳银行,13.28,13.33
601996 ,丰林集团,3.57,3.64
601992 ,金隅集团,4.27,4.27
601991 ,大唐发电,3.51,3.49
601990 ,南京证券,14.04,14.81
601989 ,中国重工,5.35,5.37
601988 ,中国银行,3.81,3.81
601985 ,中国核电,6.3,6.2
601975 ,ST长油,3.1,3.05
601975 ,ST长油,3.1,3.05
601975 ,ST长油,3.1,3.05
601975 ,ST长油,3.1,3.05
601969 ,海南矿业,5.8,5.73
601968 ,宝钢包装,5.12,5.13
601966 ,玲珑轮胎,17.23,17.24
601965 ,中国汽研,8.12,8.33
601958 ,金钼股份,7.07,7.13
601952 ,苏垦农发,7.55,7.59
601949 ,中国出版,5.88,6.18
601939 ,建设银行,7.14,7.09
601933 ,永辉超市,8.74,8.65
601929 ,吉视传媒,2.97,3.22
601928 ,凤凰传媒,8.92,9.08
601919 ,中远海控,5.13,5.3
601918 ,新集能源,3.66,3.63
601908 ,京运通,4.3,4.3
601901 ,方正证券,7.45,7.75
601900 ,南方传媒,9.59,9.76
601899 ,紫金矿业,3.55,3.65
601898 ,中煤能源,5.26,5.27
601890 ,亚星锚链,6.56,7.1
601888 ,中国国旅,62.89,63.8
601886 ,江河集团,9.42,9.47
601882 ,海天精工,9.44,9.44
601881 ,中国银河,11.45,11.69
601880 ,大连港,2.36,2.38
601878 ,浙商证券,11.27,11.69
601877 ,正泰电器,27.0,26.89
601872 ,招商轮船,4.67,4.77
601869 ,长飞光纤,47.55,47.24
601866 ,中远海发,3.13,3.11
601865 ,福莱特,16.75,17.08
601860 ,紫金银行,9.26,9.59
601858 ,中国科传,11.36,11.36
601857 ,中国石油,7.8,7.83
601838 ,成都银行,9.05,9.17
601828 ,美凯龙,13.68,13.59
601818 ,光大银行,4.18,4.17
601811 ,新华文轩,14.8,15.33
601808 ,中海油服,9.98,10.2
601801 ,皖新传媒,8.12,8.23
601800 ,中国交建,12.75,12.72
601799 ,星宇股份,56.3,56.9
601798 ,*ST蓝科,5.9,6.03
601798 ,*ST蓝科,5.9,6.03
601798 ,*ST蓝科,5.9,6.03
601798 ,*ST蓝科,5.9,6.03
601789 ,宁波建工,4.65,4.79
601788 ,光大证券,13.29,13.53
601777 ,力帆股份,5.02,5.04
601766 ,中国中车,9.36,9.32
601727 ,上海电气,6.17,6.14
601718 ,际华集团,4.54,4.6
601717 ,郑煤机,6.25,6.27
601700 ,风范股份,8.6,9.04
601699 ,潞安环能,8.11,8.11
601689 ,拓普集团,20.8,20.4
601688 ,华泰证券,22.99,23.27
601678 ,滨化股份,6.4,6.1
601677 ,明泰铝业,10.77,10.88
601669 ,中国电建,5.95,5.91
601668 ,中国建筑,6.28,6.24
601666 ,平煤股份,4.33,4.36
601636 ,旗滨集团,4.49,4.54
601633 ,长城汽车,7.62,7.74
601628 ,中国人寿,29.57,29.61
601619 ,嘉泽新能,5.91,6.02
601618 ,中国中冶,3.7,3.65
601616 ,广电电气,4.59,4.57
601615 ,明阳智能,14.89,15.06
601611 ,中国核建,9.47,9.25
601608 ,中信重工,5.15,5.77
601607 ,上海医药,20.03,22.16
601606 ,长城军工,17.3,17.23
601601 ,中国太保,33.06,33.11
601600 ,中国铝业,4.37,4.39
601599 ,鹿港文化,3.99,3.99
601598 ,中国外运,6.15,6.24
601595 ,上海电影,15.27,15.2
601588 ,北辰实业,3.53,3.62
601579 ,会稽山,9.83,9.95
601577 ,长沙银行,11.07,11.32
601567 ,三星医疗,7.02,6.98
601566 ,九牧王,13.63,13.71
601558 ,ST锐电,1.51,1.51
601558 ,ST锐电,1.51,1.51
601558 ,ST锐电,1.51,1.51
601558 ,ST锐电,1.51,1.51
601555 ,东吴证券,9.57,10.0
601519 ,大智慧,10.8,11.26
601518 ,吉林高速,3.18,3.18
601515 ,东风股份,11.03,13.34
601500 ,通用股份,7.65,7.87
601398 ,工商银行,5.65,5.61
601390 ,中国中铁,7.48,7.41
601388 ,怡球资源,2.73,2.75
601377 ,兴业证券,7.06,7.28
601375 ,中原证券,6.07,6.45
601369 ,陕鼓动力,6.85,6.92
601368 ,绿城水务,6.74,6.88
601366 ,利群股份,7.71,8.04
601360 ,三六零,26.72,26.61
601339 ,百隆东方,6.13,5.96
601336 ,新华保险,52.08,55.26
601333 ,广深铁路,3.81,3.83
601330 ,绿色动力,13.96,14.45
601328 ,交通银行,6.44,6.44
601326 ,秦港股份,3.94,4.58
601319 ,中国人保,10.1,10.19
601318 ,中国平安,75.35,76.1
601311 ,骆驼股份,15.57,16.25
601298 ,青岛港,9.17,9.96
601288 ,农业银行,3.74,3.73
601258 ,庞大集团,1.8,1.8
601238 ,广汽集团,11.91,11.9
601233 ,桐昆股份,14.26,14.08
601231 ,环旭电子,14.39,14.84
601229 ,上海银行,12.18,12.16
601228 ,广州港,4.92,5.02
601226 ,华电重工,4.79,5.31
601225 ,陕西煤业,8.89,8.85
601222 ,林洋能源,6.06,6.01
601218 ,吉鑫科技,3.16,3.21
601216 ,君正集团,4.15,4.35
601212 ,白银有色,4.63,5.02
601211 ,国泰君安,19.61,19.96
601208 ,东材科技,5.34,5.38
601200 ,上海环境,16.93,16.22
601199 ,江南水务,4.31,4.33
601198 ,东兴证券,13.73,14.12
601188 ,龙江交通,3.57,3.61
601186 ,中国铁建,11.82,11.72
601179 ,中国西电,4.43,4.39
601177 ,杭齿前进,14.86,14.83
601169 ,北京银行,6.32,6.31
601168 ,西部矿业,6.67,6.83
601166 ,兴业银行,18.61,18.48
601163 ,三角轮胎,13.45,13.86
601162 ,天风证券,11.12,11.57
601158 ,重庆水务,6.26,6.37
601155 ,新城控股,43.02,42.71
601139 ,深圳燃气,6.39,6.24
601138 ,工业富联,15.26,15.18
601137 ,博威合金,9.47,9.36
601128 ,常熟银行,7.89,7.89
601127 ,小康股份,17.25,17.09
601126 ,四方股份,6.63,6.61
601118 ,海南橡胶,5.56,5.74
601117 ,中国化学,6.44,6.56
601116 ,三江购物,14.05,13.7
601113 ,华鼎股份,9.99,9.05
601111 ,中国国航,9.94,9.87
601108 ,财通证券,12.63,13.32
601107 ,四川成渝,4.54,4.6
601106 ,中国一重,3.99,4.08
601101 ,昊华能源,6.95,7.03
601100 ,恒立液压,33.2,33.26
601099 ,太平洋,4.13,4.39
601098 ,中南传媒,13.2,13.46
601088 ,中国神华,20.51,20.59
601086 ,国芳集团,6.4,6.42
601069 ,西部黄金,15.04,15.45
601068 ,中铝国际,7.46,8.11
601066 ,中信建投,25.66,26.42
601058 ,赛轮轮胎,2.96,3.0
601038 ,一拖股份,5.49,5.57
601028 ,玉龙股份,6.21,6.04
601021 ,春秋航空,36.45,36.97
601020 ,华钰矿业,11.37,11.47
601019 ,山东出版,8.98,9.05
601018 ,宁波港,4.17,4.28
601016 ,节能风电,3.27,3.31
601015 ,陕西黑猫,6.29,6.36
601012 ,隆基股份,27.21,26.85
601011 ,宝泰隆,6.86,6.79
601010 ,文峰股份,4.1,4.17
601009 ,南京银行,7.96,8.04
601008 ,连云港,4.0,4.15
601007 ,金陵饭店,10.03,10.23
601006 ,大秦铁路,8.57,8.5
601005 ,重庆钢铁,2.3,2.3
601003 ,柳钢股份,8.19,8.24
601002 ,晋亿实业,7.45,7.5
601001 ,大同煤业,4.9,5.01
601000 ,唐山港,3.03,3.07
600999 ,招商证券,17.59,17.82
600998 ,九州通,16.22,16.16
600997 ,开滦股份,6.75,6.94
600996 ,贵广网络,11.16,12.28
600995 ,文山电力,8.36,8.45
600993 ,马应龙,15.46,16.05
600992 ,贵绳股份,8.62,9.05
600990 ,四创电子,46.64,48.79
600988 ,赤峰黄金,4.45,4.58
600987 ,航民股份,9.69,9.74
600986 ,科达股份,5.97,6.16
600985 ,淮北矿业,12.33,12.41
600984 ,建设机械,6.7,6.89
600984 ,建设机械,6.7,6.89
600984 ,建设机械,6.7,6.89
600984 ,建设机械,6.7,6.89
600983 ,惠而浦,7.37,7.48
600982 ,宁波热电,3.98,4.04
600981 ,汇鸿集团,5.2,5.15
600980 ,北矿科技,12.58,12.71
600979 ,广安爱众,5.49,5.28
600978 ,宜华生活,4.82,4.82
600977 ,中国电影,18.02,17.96
600976 ,健民集团,17.44,17.68
600975 ,新五丰,10.88,10.38
600973 ,宝胜股份,4.68,4.55
600971 ,恒源煤电,7.12,7.17
600970 ,中材国际,7.8,8.0
600969 ,郴电国际,8.44,8.67
600967 ,内蒙一机,11.98,11.81
600966 ,博汇纸业,3.67,3.7
600965 ,福成股份,11.23,11.12
600963 ,岳阳林纸,4.83,4.83
600962 ,国投中鲁,9.8,9.88
600962 ,国投中鲁,9.8,9.88
600962 ,国投中鲁,9.8,9.88
600962 ,国投中鲁,9.8,9.88
600961 ,株冶集团,9.49,9.67
600960 ,渤海汽车,4.32,4.37
600959 ,江苏有线,5.52,5.84
600958 ,东方证券,11.93,12.18
600939 ,重庆建工,5.67,5.73
600936 ,广西广电,5.08,5.7
600933 ,爱柯迪,9.82,9.73
600929 ,湖南盐业,10.39,10.21
600928 ,西安银行,11.52,13.94
600926 ,杭州银行,8.86,8.84
600919 ,江苏银行,7.17,7.12
600917 ,重庆燃气,7.66,7.55
600909 ,华安证券,6.94,7.19
600908 ,无锡银行,6.77,6.77
600903 ,贵州燃气,23.45,22.49
600901 ,江苏租赁,7.57,7.79
600900 ,长江电力,16.94,16.88
600898 ,国美通讯,9.55,9.6
600897 ,厦门空港,24.1,23.75
600896 ,*ST海投,5.37,5.39
600896 ,*ST海投,5.37,5.39
600896 ,*ST海投,5.37,5.39
600896 ,*ST海投,5.37,5.39
600895 ,张江高科,23.78,26.69
600894 ,广日股份,7.41,7.36
600893 ,航发动力,26.23,25.92
600892 ,大晟文化,6.87,6.76
600891 ,秋林集团,5.51,5.66
600890 ,中房股份,7.82,7.74
600889 ,南京化纤,5.84,5.89
600888 ,新疆众和,5.4,6.25
600887 ,伊利股份,28.05,27.7
600886 ,国投电力,8.49,8.46
600885 ,宏发股份,28.0,27.64
600884 ,杉杉股份,15.6,15.45
600883 ,博闻科技,7.81,7.84
600882 ,妙可蓝多,9.3,9.32
600881 ,亚泰集团,3.95,4.04
600880 ,博瑞传播,4.5,4.83
600879 ,航天电子,7.05,7.08
600877 ,ST嘉陵,5.2,5.39
600877 ,ST嘉陵,5.2,5.39
600877 ,ST嘉陵,5.2,5.39
600877 ,ST嘉陵,5.2,5.39
600876 ,洛阳玻璃,13.17,13.18
600875 ,东方电气,11.0,10.82
600874 ,创业环保,10.09,10.45
600873 ,梅花生物,5.25,5.17
600872 ,中炬高新,31.76,32.49
600871 ,*ST油服,2.47,2.58
600871 ,*ST油服,2.47,2.58
600871 ,*ST油服,2.47,2.58
600871 ,*ST油服,2.47,2.58
600870 ,*ST厦华,3.82,3.91
600870 ,*ST厦华,3.82,3.91
600870 ,*ST厦华,3.82,3.91
600870 ,*ST厦华,3.82,3.91
600869 ,智慧能源,5.78,5.78
600868 ,梅雁吉祥,4.08,4.27
600867 ,通化东宝,17.0,16.85
600866 ,星湖科技,4.88,4.95
600865 ,百大集团,7.16,7.27
600864 ,哈投股份,7.39,7.79
600863 ,内蒙华电,2.88,2.89
600862 ,中航高科,9.21,9.01
600861 ,北京城乡,7.94,8.23
600860 ,京城股份,7.73,7.36
600859 ,王府井,16.55,16.79
600858 ,银座股份,5.8,5.81
600857 ,宁波中百,9.5,9.7
600856 ,中天能源,4.95,4.72
600855 ,航天长峰,15.18,14.78
600854 ,春兰股份,4.58,4.58
600853 ,龙建股份,4.36,4.42
600851 ,海欣股份,8.71,9.25
600850 ,华东电脑,21.32,23.65
600848 ,上海临港,29.97,29.73
600847 ,万里股份,13.59,13.42
600846 ,同济科技,10.73,11.55
600845 ,宝信软件,33.53,33.23
600844 ,丹化科技,4.09,4.13
600843 ,上工申贝,9.1,9.45
600841 ,上柴股份,9.0,10.46
600839 ,四川长虹,3.64,3.63
600838 ,上海九百,7.7,7.76
600837 ,海通证券,13.7,14.22
600836 ,界龙实业,5.5,5.59
600835 ,上海机电,17.51,17.38
600834 ,申通地铁,8.11,8.21
600833 ,第一医药,10.87,11.13
600831 ,广电网络,10.14,12.27
600830 ,香溢融通,6.75,7.26
600829 ,人民同泰,7.18,7.36
600828 ,茂业商业,5.57,5.71
600827 ,百联股份,10.15,10.14
600826 ,兰生股份,11.8,11.81
600825 ,新华传媒,7.18,7.74
600824 ,益民集团,4.28,4.31
600823 ,世茂股份,4.71,4.9
600822 ,上海物贸,11.08,11.24
600821 ,津劝业,5.01,5.05
600820 ,隧道股份,7.48,7.55
600819 ,耀皮玻璃,5.39,5.69
600818 ,中路股份,16.39,16.58
600817 ,ST宏盛,8.23,8.68
600817 ,ST宏盛,8.23,8.68
600817 ,ST宏盛,8.23,8.68
600817 ,ST宏盛,8.23,8.68
600816 ,安信信托,7.31,8.01
600815 ,厦工股份,3.75,3.76
600814 ,杭州解百,6.1,6.2
600812 ,华北制药,4.94,5.06
600811 ,东方集团,4.2,4.28
600810 ,神马股份,14.27,13.97
600809 ,山西汾酒,58.51,56.65
600808 ,马钢股份,4.03,4.01
600807 ,*ST天业,5.32,5.87
600807 ,*ST天业,5.32,5.87
600807 ,*ST天业,5.32,5.87
600807 ,*ST天业,5.32,5.87
600805 ,悦达投资,5.88,6.06
600804 ,鹏博士,11.15,11.17
600803 ,新奥股份,12.18,12.39
600802 ,福建水泥,8.96,9.02
600801 ,华新水泥,20.55,21.33
600800 ,天津磁卡,7.27,8.8
600798 ,宁波海运,3.99,4.53
600797 ,浙大网新,10.83,11.73
600796 ,钱江生化,6.17,6.22
600795 ,国电电力,2.76,2.76
600794 ,保税科技,3.4,3.46
600793 ,宜宾纸业,16.94,17.44
600793 ,宜宾纸业,16.94,17.44
600793 ,宜宾纸业,16.94,17.44
600793 ,宜宾纸业,16.94,17.44
600792 ,云煤能源,3.82,3.87
600791 ,京能置业,4.86,5.01
600790 ,轻纺城,4.15,4.3
600789 ,鲁抗医药,10.44,10.16
600787 ,中储股份,6.14,6.26
600785 ,新华百货,17.86,17.9
600784 ,鲁银投资,6.06,6.28
600783 ,鲁信创投,24.76,27.4
600782 ,新钢股份,6.32,6.28
600781 ,辅仁药业,15.0,15.09
600780 ,通宝能源,3.99,4.05
600779 ,水井坊,42.65,42.24
600779 ,水井坊,42.65,42.24
600779 ,水井坊,42.65,42.24
600779 ,水井坊,42.65,42.24
600778 ,*ST友好,5.25,5.4
600778 ,*ST友好,5.25,5.4
600778 ,*ST友好,5.25,5.4
600778 ,*ST友好,5.25,5.4
600777 ,新潮能源,2.71,2.69
600776 ,东方通信,30.49,30.8
600775 ,南京熊猫,11.55,12.4
600774 ,汉商集团,14.42,14.19
600773 ,西藏城投,8.13,8.24
600771 ,广誉远,34.0,33.5
600770 ,综艺股份,7.22,7.37
600769 ,祥龙电业,5.05,5.23
600768 ,宁波富邦,11.31,11.49
600767 ,ST运盛,5.62,5.66
600767 ,ST运盛,5.62,5.66
600767 ,ST运盛,5.62,5.66
600767 ,ST运盛,5.62,5.66
600766 ,园城黄金,10.48,10.67
600765 ,中航重机,10.55,10.36
600764 ,中国海防,31.91,31.78
600763 ,通策医疗,67.89,67.12
600761 ,安徽合力,10.98,11.16
600760 ,中航沈飞,33.65,33.19
600759 ,洲际油气,3.65,3.52
600758 ,红阳能源,4.2,4.2
600757 ,长江传媒,7.42,7.56
600756 ,浪潮软件,28.1,28.4
600755 ,厦门国贸,9.18,9.26
600754 ,锦江股份,26.94,27.23
600753 ,东方银星,17.8,18.16
600751 ,海航科技,4.08,4.2
600750 ,江中药业,18.28,18.43
600749 ,*ST藏旅,10.24,10.69
600749 ,*ST藏旅,10.24,10.69
600749 ,*ST藏旅,10.24,10.69
600749 ,*ST藏旅,10.24,10.69
600748 ,上实发展,9.4,9.08
600747 ,ST大控,1.56,1.67
600747 ,ST大控,1.56,1.67
600747 ,ST大控,1.56,1.67
600747 ,ST大控,1.56,1.67
600746 ,江苏索普,7.42,8.04
600745 ,闻泰科技,27.4,26.92
600744 ,华银电力,3.67,3.66
600743 ,华远地产,3.05,3.12
600742 ,一汽富维,12.3,12.76
600741 ,华域汽车,20.87,20.58
600740 ,山西焦化,9.65,9.8
600739 ,辽宁成大,14.75,14.95
600738 ,兰州民百,7.81,7.77
600737 ,中粮糖业,9.25,9.23
600736 ,苏州高新,8.27,8.47
600735 ,新华锦,6.79,7.63
600734 ,实达集团,8.53,9.28
600733 ,北汽蓝谷,8.72,8.74
600732 ,ST新梅,5.91,5.9
600732 ,ST新梅,5.91,5.9
600732 ,ST新梅,5.91,5.9
600732 ,ST新梅,5.91,5.9
600731 ,湖南海利,5.55,5.68
600730 ,中国高科,7.28,8.37
600729 ,重庆百货,33.1,34.7
600728 ,佳都科技,11.89,12.51
600727 ,鲁北化工,6.86,6.91
600726 ,华电能源,2.66,2.65
600725 ,ST云维,2.88,2.95
600725 ,ST云维,2.88,2.95
600725 ,ST云维,2.88,2.95
600725 ,ST云维,2.88,2.95
600724 ,宁波富达,4.06,4.2
600723 ,首商股份,7.3,7.29
600722 ,金牛化工,5.84,7.06
600722 ,金牛化工,5.84,7.06
600722 ,金牛化工,5.84,7.06
600722 ,金牛化工,5.84,7.06
600721 ,百花村,6.7,6.78
600720 ,祁连山,9.07,9.15
600719 ,大连热电,5.51,5.72
600718 ,东软集团,14.97,15.18
600717 ,天津港,8.62,8.73
600716 ,凤凰股份,4.72,5.25
600715 ,文投控股,5.38,5.37
600715 ,文投控股,5.38,5.37
600715 ,文投控股,5.38,5.37
600715 ,文投控股,5.38,5.37
600714 ,金瑞矿业,7.35,7.3
600713 ,南京医药,5.03,5.07
600712 ,南宁百货,4.76,4.91
600711 ,盛屯矿业,6.35,6.4
600710 ,苏美达,5.37,5.29
600710 ,苏美达,5.37,5.29
600710 ,苏美达,5.37,5.29
600710 ,苏美达,5.37,5.29
600708 ,光明地产,5.12,5.19
600707 ,彩虹股份,6.29,6.29
600706 ,曲江文旅,12.27,13.78
600705 ,中航资本,5.85,6.19
600704 ,物产中大,5.76,5.77
600703 ,三安光电,15.56,15.67
600702 ,舍得酒业,29.92,29.95
600701 ,*ST工新,2.68,2.95
600701 ,*ST工新,2.68,2.95
600701 ,*ST工新,2.68,2.95
600701 ,*ST工新,2.68,2.95
600699 ,均胜电子,27.46,27.01
600698 ,湖南天雁,4.36,4.39
600697 ,欧亚集团,21.58,21.72
600696 ,ST岩石,6.18,5.83
600696 ,ST岩石,6.18,5.83
600696 ,ST岩石,6.18,5.83
600696 ,ST岩石,6.18,5.83
600695 ,绿庭投资,7.93,9.59
600694 ,大商股份,30.22,30.51
600693 ,东百集团,6.18,6.11
600692 ,亚通股份,8.36,8.46
600691 ,阳煤化工,2.89,2.99
600691 ,阳煤化工,2.89,2.99
600691 ,阳煤化工,2.89,2.99
600691 ,阳煤化工,2.89,2.99
600690 ,青岛海尔,17.09,16.69
600689 ,上海三毛,12.94,13.03
600688 ,上海石化,5.59,5.59
600687 ,刚泰控股,4.97,5.07
600686 ,金龙汽车,10.62,10.33
600685 ,中船防务,17.58,17.85
600684 ,珠江实业,5.48,5.31
600683 ,京投发展,5.39,5.35
600682 ,南京新百,13.62,15.97
600681 ,百川能源,13.92,13.74
600680 ,*ST上普,7.69,7.69
600680 ,*ST上普,7.69,7.69
600680 ,*ST上普,7.69,7.69
600680 ,*ST上普,7.69,7.69
600679 ,上海凤凰,15.43,18.67
600678 ,四川金顶,7.38,7.4
600677 ,航天通信,17.53,17.23
600676 ,交运股份,5.57,5.61
600675 ,中华企业,6.78,6.88
600674 ,川投能源,9.8,9.64
600673 ,东阳光科,9.47,9.54
600671 ,天目药业,18.78,18.63
600668 ,尖峰集团,14.4,14.49
600667 ,太极实业,7.71,7.75
600666 ,奥瑞德,3.93,3.96
600665 ,天地源,4.38,4.56
600664 ,哈药股份,4.72,5.33
600663 ,陆家嘴,17.78,17.66
600662 ,强生控股,5.84,5.68
600661 ,昂立教育,22.96,23.49
600660 ,福耀玻璃,24.78,24.33
600658 ,电子城,6.59,7.02
600657 ,信达地产,5.18,5.27
600655 ,豫园股份,8.81,9.11
600654 ,ST中安,2.27,2.32
600654 ,ST中安,2.27,2.32
600654 ,ST中安,2.27,2.32
600654 ,ST中安,2.27,2.32
600653 ,申华控股,2.61,2.66
600652 ,游久游戏,4.71,4.83
600651 ,飞乐音响,6.22,5.97
600650 ,锦江投资,12.63,12.44
600649 ,城投控股,8.32,8.15
600648 ,外高桥,17.18,17.07
600647 ,同达创业,14.78,15.42
600645 ,中源协和,22.58,22.5
600644 ,乐山电力,6.74,6.91
600644 ,乐山电力,6.74,6.91
600644 ,乐山电力,6.74,6.91
600644 ,乐山电力,6.74,6.91
600643 ,爱建集团,11.82,12.11
600642 ,申能股份,5.64,5.7
600641 ,万业企业,12.12,12.47
600640 ,号百控股,13.8,14.0
600639 ,浦东金桥,14.42,14.68
600638 ,新黄浦,9.9,10.1
600637 ,东方明珠,12.71,13.43
600636 ,三爱富,16.46,15.98
600635 ,大众公用,7.23,7.68
600634 ,*ST富控,2.97,3.2
600634 ,*ST富控,2.97,3.2
600634 ,*ST富控,2.97,3.2
600634 ,*ST富控,2.97,3.2
600633 ,浙数文化,10.78,10.88
600630 ,龙头股份,9.2,9.49
600629 ,华建集团,13.49,13.62
600628 ,新世界,7.84,7.85
600626 ,申达股份,6.29,6.33
600624 ,复旦复华,13.3,16.09
600623 ,华谊集团,9.45,9.59
600622 ,光大嘉宝,8.24,8.53
600621 ,华鑫股份,14.58,15.8
600620 ,天宸股份,7.52,8.84
600619 ,海立股份,9.88,9.81
600618 ,氯碱化工,8.5,8.47
600617 ,国新能源,5.81,5.68
600616 ,金枫酒业,6.06,6.16
600615 ,丰华股份,14.68,14.25
600614 ,鹏起科技,6.42,6.47
600613 ,神奇制药,8.61,9.04
600612 ,老凤祥,43.09,42.85
600611 ,大众交通,5.04,5.0
600610 ,*ST毅达,4.11,4.54
600610 ,*ST毅达,4.11,4.54
600610 ,*ST毅达,4.11,4.54
600610 ,*ST毅达,4.11,4.54
600609 ,金杯汽车,3.89,3.92
600608 ,ST沪科,5.1,5.12
600608 ,ST沪科,5.1,5.12
600608 ,ST沪科,5.1,5.12
600608 ,ST沪科,5.1,5.12
600606 ,绿地控股,7.65,7.85
600605 ,汇通能源,11.48,11.59
600604 ,市北高新,16.12,17.44
600603 ,广汇物流,5.11,5.26
600602 ,云赛智联,8.06,8.25
600601 ,方正科技,3.85,4.28
600600 ,青岛啤酒,40.98,40.28
600599 ,熊猫金控,13.14,13.75
600598 ,北大荒,9.53,9.8
600597 ,光明乳业,9.92,9.98
600596 ,新安股份,13.83,13.65
600595 ,中孚实业,2.93,2.97
600594 ,益佰制药,6.73,6.87
600593 ,大连圣亚,37.6,37.04
600592 ,龙溪股份,8.1,8.82
600590 ,泰豪科技,7.1,7.53
600589 ,广东榕泰,5.89,5.86
600588 ,用友网络,34.9,34.9
600587 ,新华医疗,14.97,15.42
600586 ,金晶科技,3.58,3.66
600585 ,海螺水泥,36.25,37.47
600584 ,长电科技,14.3,14.38
600583 ,海油工程,6.07,6.18
600582 ,天地科技,4.1,4.11
600581 ,八一钢铁,5.03,5.18
600580 ,卧龙电驱,8.89,8.8
600579 ,天华院,10.24,10.25
600578 ,京能电力,3.44,3.45
600577 ,精达股份,3.68,3.66
600576 ,祥源文化,5.21,5.23
600575 ,皖江物流,2.85,2.86
600573 ,惠泉啤酒,8.39,8.5
600572 ,康恩贝,9.1,10.07
600571 ,信雅达,10.84,11.37
600570 ,恒生电子,84.47,87.07
600569 ,安阳钢铁,3.82,3.78
600568 ,中珠医疗,2.92,2.96
600567 ,山鹰纸业,4.05,4.02
600566 ,济川药业,36.5,36.07
600565 ,迪马股份,3.67,3.81
600563 ,法拉电子,46.41,47.03
600562 ,国睿科技,17.27,17.09
600561 ,江西长运,6.75,6.87
600560 ,金自天正,10.96,10.92
600559 ,老白干酒,18.2,18.22
600558 ,大西洋,4.37,4.39
600557 ,康缘药业,13.65,13.59
600556 ,ST慧球,7.67,7.7
600556 ,ST慧球,7.67,7.7
600556 ,ST慧球,7.67,7.7
600556 ,ST慧球,7.67,7.7
600555 ,海航创新,3.46,3.54
600552 ,凯盛科技,5.92,5.97
600551 ,时代出版,10.56,10.72
600550 ,保变电气,4.87,4.82
600549 ,厦门钨业,16.11,15.98
600548 ,深高速,9.6,9.61
600547 ,山东黄金,31.1,32.06
600546 ,山煤国际,3.86,3.91
600545 ,卓郎智能,8.17,8.64
600543 ,莫高股份,7.14,7.4
600540 ,新赛股份,4.73,5.29
600539 ,*ST狮头,7.27,7.46
600539 ,*ST狮头,7.27,7.46
600539 ,*ST狮头,7.27,7.46
600539 ,*ST狮头,7.27,7.46
600538 ,国发股份,5.9,6.06
600537 ,亿晶光电,4.16,4.14
600536 ,中国软件,52.04,56.36
600535 ,天士力,23.38,23.13
600533 ,栖霞建设,3.73,3.79
600532 ,宏达矿业,5.65,5.61
600531 ,豫光金铅,5.41,5.39
600530 ,交大昂立,6.88,7.48
600529 ,山东药玻,22.7,24.22
600528 ,中铁工业,12.4,12.43
600527 ,江南高纤,2.63,2.67
600526 ,菲达环保,5.73,5.78
600525 ,长园集团,7.14,7.11
600523 ,贵航股份,11.34,11.26
600522 ,中天科技,10.18,10.09
600521 ,华海药业,16.66,16.17
600520 ,文一科技,14.85,15.33
600519 ,贵州茅台,792.61,787.0
600518 ,康美药业,10.92,11.06
600517 ,置信电气,4.81,4.81
600516 ,方大炭素,23.71,23.15
600515 ,海航基础,6.43,6.61
600513 ,联环药业,7.73,7.83
600512 ,腾达建设,2.95,2.93
600511 ,国药股份,25.5,25.63
600510 ,黑牡丹,6.8,6.94
600509 ,天富能源,5.05,6.12
600508 ,上海能源,10.89,10.92
600507 ,方大特钢,14.82,14.73
600506 ,香梨股份,11.99,12.9
600505 ,西昌电力,7.47,8.38
600503 ,华丽家族,4.69,4.96
600502 ,安徽水利,5.16,5.31
600501 ,航天晨光,8.43,8.6
600500 ,中化国际,8.06,8.13
600499 ,科达洁能,5.69,5.65
600498 ,烽火通信,31.8,31.73
600497 ,驰宏锌锗,5.37,5.36
600496 ,精工钢构,3.36,3.39
600495 ,晋西车轴,5.56,5.68
600493 ,凤竹纺织,6.8,7.62
600491 ,龙元建设,8.82,8.58
600490 ,鹏欣资源,6.4,6.54
600489 ,中金黄金,8.57,8.73
600488 ,天药股份,4.6,4.68
600487 ,亨通光电,22.19,21.86
600486 ,扬农化工,52.57,51.6
600485 ,信威集团,14.59,14.59
600483 ,福能股份,9.73,9.55
600482 ,中国动力,24.4,23.98
600481 ,双良节能,4.66,4.62
600480 ,凌云股份,12.02,11.83
600479 ,千金药业,10.03,10.54
600478 ,科力远,6.21,5.96
600477 ,杭萧钢构,4.78,4.74
600476 ,湘邮科技,14.89,14.91
600475 ,华光股份,10.32,10.65
600470 ,六国化工,4.61,4.62
600469 ,风神股份,4.78,4.77
600468 ,百利电气,6.42,6.41
600467 ,好当家,3.05,3.07
600466 ,蓝光发展,7.23,7.55
600463 ,空港股份,9.48,11.08
600462 ,ST九有,2.41,2.5
600462 ,ST九有,2.41,2.5
600462 ,ST九有,2.41,2.5
600462 ,ST九有,2.41,2.5
600461 ,洪城水业,6.06,6.11
600460 ,士兰微,15.16,15.4
600459 ,贵研铂业,16.28,17.19
600458 ,时代新材,8.79,8.81
600456 ,宝钛股份,25.05,26.09
600455 ,博通股份,25.87,26.33
600452 ,涪陵电力,23.96,23.85
600449 ,宁夏建材,9.68,10.03
600448 ,华纺股份,7.08,7.49
600446 ,金证股份,22.7,24.46
600444 ,国机通用,11.55,11.63
600444 ,国机通用,11.55,11.63
600444 ,国机通用,11.55,11.63
600444 ,国机通用,11.55,11.63
600439 ,瑞贝卡,3.86,3.85
600438 ,通威股份,12.35,12.22
600436 ,片仔癀,108.72,108.2
600435 ,北方导航,10.31,10.17
600433 ,冠豪高新,4.47,4.52
600429 ,三元股份,6.0,5.96
600428 ,中远海特,4.15,4.16
600426 ,华鲁恒升,14.86,14.98
600425 ,青松建化,5.06,5.43
600423 ,*ST柳化,4.08,4.24
600423 ,*ST柳化,4.08,4.24
600423 ,*ST柳化,4.08,4.24
600423 ,*ST柳化,4.08,4.24
600422 ,昆药集团,9.9,11.1
600421 ,ST仰帆,11.6,12.79
600421 ,ST仰帆,11.6,12.79
600421 ,ST仰帆,11.6,12.79
600421 ,ST仰帆,11.6,12.79
600420 ,现代制药,10.23,10.19
600419 ,天润乳业,17.33,17.99
600418 ,江淮汽车,5.31,5.35
600416 ,湘电股份,7.35,7.48
600415 ,小商品城,4.68,4.72
600410 ,华胜天成,8.99,9.74
600409 ,三友化工,7.21,7.16
600408 ,*ST安泰,4.21,4.29
600408 ,*ST安泰,4.21,4.29
600408 ,*ST安泰,4.21,4.29
600408 ,*ST安泰,4.21,4.29
600406 ,国电南瑞,22.27,22.41
600405 ,动力源,5.87,5.69
600403 ,大有能源,4.51,4.47
600401 ,*ST海润,0.87,0.87
600401 ,*ST海润,0.87,0.87
600401 ,*ST海润,0.87,0.87
600401 ,*ST海润,0.87,0.87
600400 ,红豆股份,4.32,4.35
600399 ,*ST抚钢,3.91,4.26
600399 ,*ST抚钢,3.91,4.26
600399 ,*ST抚钢,3.91,4.26
600399 ,*ST抚钢,3.91,4.26
600398 ,海澜之家,9.97,9.81
600397 ,*ST安煤,2.81,2.84
600397 ,*ST安煤,2.81,2.84
600397 ,*ST安煤,2.81,2.84
600397 ,*ST安煤,2.81,2.84
600396 ,金山股份,2.59,2.56
600395 ,盘江股份,5.69,5.72
600393 ,粤泰股份,2.96,2.98
600392 ,盛和资源,13.01,12.6
600391 ,航发科技,17.48,17.0
600390 ,五矿资本,10.26,10.74
600389 ,江山股份,18.97,18.72
600388 ,龙净环保,12.97,12.89
600387 ,海越能源,10.17,9.88
600386 ,北巴传媒,5.09,5.29
600385 ,山东金泰,10.58,11.03
600383 ,金地集团,13.31,13.72
600382 ,广东明珠,9.34,9.38
600381 ,青海春天,7.06,7.15
600380 ,健康元,9.09,9.2
600379 ,宝光股份,8.33,8.32
600378 ,天科股份,12.01,11.79
600377 ,宁沪高速,9.96,9.87
600376 ,首开股份,9.57,9.43
600375 ,华菱星马,6.5,6.74
600373 ,中文传媒,16.24,15.92
600372 ,中航电子,17.31,16.85
600371 ,万向德农,7.87,8.14
600370 ,三房巷,3.49,3.61
600369 ,西南证券,5.37,5.64
600368 ,五洲交通,3.74,3.81
600367 ,红星发展,9.0,9.03
600366 ,宁波韵升,7.18,7.11
600365 ,通葡股份,4.73,4.76
600363 ,联创光电,10.72,10.77
600362 ,江西铜业,15.95,16.22
600361 ,华联综超,4.52,4.59
600360 ,华微电子,6.92,6.97
600359 ,新农开发,5.11,5.76
600358 ,国旅联合,4.74,4.81
600356 ,恒丰纸业,8.67,10.4
600355 ,精伦电子,4.8,4.78
600354 ,敦煌种业,4.8,4.91
600353 ,旭光股份,5.74,5.75
600352 ,浙江龙盛,11.58,11.36
600351 ,亚宝药业,7.82,9.04
600350 ,山东高速,4.98,5.14
600348 ,阳泉煤业,5.99,6.0
600346 ,恒力股份,17.52,17.74
600345 ,长江通信,27.05,32.74
600343 ,航天动力,11.02,11.02
600340 ,华夏幸福,31.84,32.12
600339 ,中油工程,5.19,4.86
600338 ,西藏珠峰,25.2,25.43
600337 ,美克家居,4.92,4.99
600336 ,澳柯玛,4.55,4.62
600335 ,国机汽车,7.93,7.89
600333 ,长春燃气,6.29,6.08
600332 ,白云山,39.6,38.91
600331 ,宏达股份,3.95,4.17
600330 ,天通股份,8.49,8.5
600329 ,中新药业,15.35,15.93
600328 ,兰太实业,8.62,8.46
600327 ,大东方,5.04,5.06
600326 ,西藏天路,8.89,9.01
600325 ,华发股份,8.89,8.94
600323 ,瀚蓝环境,17.34,17.02
600322 ,天房发展,3.7,3.76
600321 ,*ST正源,3.07,3.38
600321 ,*ST正源,3.07,3.38
600321 ,*ST正源,3.07,3.38
600321 ,*ST正源,3.07,3.38
600320 ,振华重工,4.11,4.22
600319 ,亚星化学,5.46,5.64
600318 ,新力金融,9.99,9.89
600317 ,营口港,2.82,2.83
600316 ,洪都航空,15.25,14.95
600315 ,上海家化,32.38,32.03
600313 ,农发种业,2.91,2.95
600312 ,平高电气,8.92,8.86
600311 ,荣华实业,3.91,4.03
600311 ,荣华实业,3.91,4.03
600311 ,荣华实业,3.91,4.03
600311 ,荣华实业,3.91,4.03
600310 ,桂东电力,5.3,5.44
600309 ,万华化学,42.0,41.0
600308 ,华泰股份,5.12,5.18
600307 ,酒钢宏兴,2.45,2.47
600306 ,商业城,7.49,7.59
600305 ,恒顺醋业,12.6,12.42
600303 ,曙光股份,4.71,4.72
600302 ,标准股份,5.99,5.86
600301 ,ST南化,7.56,7.12
600301 ,ST南化,7.56,7.12
600301 ,ST南化,7.56,7.12
600301 ,ST南化,7.56,7.12
600300 ,维维股份,3.47,3.52
600299 ,安迪苏,12.32,12.24
600298 ,安琪酵母,28.4,28.9
600297 ,广汇汽车,5.13,5.15
600295 ,鄂尔多斯,9.24,9.26
600293 ,三峡新材,5.14,5.22
600292 ,远达环保,6.42,6.56
600291 ,西水股份,14.73,14.94
600290 ,华仪电气,8.11,8.39
600289 ,*ST信通,2.87,3.02
600289 ,*ST信通,2.87,3.02
600289 ,*ST信通,2.87,3.02
600289 ,*ST信通,2.87,3.02
600288 ,大恒科技,10.36,10.64
600287 ,江苏舜天,6.25,6.31
600285 ,羚锐制药,9.08,8.94
600284 ,浦东建设,7.06,6.99
600283 ,钱江水利,14.07,14.57
600282 ,南钢股份,4.31,4.3
600281 ,太化股份,4.58,4.68
600280 ,中央商场,4.67,4.77
600279 ,重庆港九,4.6,4.6
600278 ,东方创业,11.14,11.65
600277 ,亿利洁能,6.84,6.93
600276 ,恒瑞医药,72.1,72.37
600275 ,ST昌鱼,3.04,3.14
600275 ,ST昌鱼,3.04,3.14
600275 ,ST昌鱼,3.04,3.14
600275 ,ST昌鱼,3.04,3.14
600273 ,嘉化能源,13.7,12.68
600272 ,开开实业,8.97,8.98
600271 ,航天信息,28.19,28.99
600269 ,赣粤高速,4.62,4.63
600268 ,国电南自,8.67,9.42
600267 ,海正药业,11.27,11.24
600266 ,北京城建,10.17,10.17
600265 ,ST景谷,28.25,28.0
600265 ,ST景谷,28.25,28.0
600265 ,ST景谷,28.25,28.0
600265 ,ST景谷,28.25,28.0
600262 ,北方股份,20.27,21.4
600261 ,阳光照明,3.92,4.0
600260 ,凯乐科技,24.58,23.53
600259 ,广晟有色,36.99,38.3
600258 ,首旅酒店,21.38,20.75
600257 ,大湖股份,5.53,5.58
600256 ,广汇能源,4.53,4.51
600255 ,梦舟股份,2.61,2.65
600252 ,中恒集团,3.26,3.27
600251 ,冠农股份,5.92,6.23
600250 ,南纺股份,8.89,9.1
600249 ,两面针,4.91,4.96
600248 ,延长化建,4.81,4.83
600247 ,*ST成城,5.8,5.99
600247 ,*ST成城,5.8,5.99
600247 ,*ST成城,5.8,5.99
600247 ,*ST成城,5.8,5.99
600246 ,万通地产,4.43,4.46
600243 ,青海华鼎,5.7,5.43
600242 ,中昌数据,13.71,13.59
600242 ,中昌数据,13.71,13.59
600242 ,中昌数据,13.71,13.59
600242 ,中昌数据,13.71,13.59
600241 ,时代万恒,7.13,7.12
600240 ,华业资本,3.39,3.48
600239 ,云南城投,3.77,3.79
600238 ,*ST椰岛,9.4,9.13
600238 ,*ST椰岛,9.4,9.13
600238 ,*ST椰岛,9.4,9.13
600238 ,*ST椰岛,9.4,9.13
600237 ,铜峰电子,4.57,4.58
600236 ,桂冠电力,5.87,5.88
600235 ,民丰特纸,7.5,8.08
600234 ,ST山水,7.4,7.47
600234 ,ST山水,7.4,7.47
600234 ,ST山水,7.4,7.47
600234 ,ST山水,7.4,7.47
600233 ,圆通速递,13.45,13.18
600232 ,金鹰股份,6.15,7.45
600231 ,凌钢股份,3.45,3.47
600230 ,沧州大化,21.25,21.13
600229 ,城市传媒,8.93,8.84
600228 ,ST昌九,7.93,8.08
600228 ,ST昌九,7.93,8.08
600228 ,ST昌九,7.93,8.08
600228 ,ST昌九,7.93,8.08
600227 ,圣济堂,4.13,4.22
600226 ,瀚叶股份,4.36,4.76
600225 ,天津松江,3.94,3.96
600223 ,鲁商置业,3.88,3.94
600222 ,太龙药业,4.72,4.79
600221 ,海航控股,2.29,2.29
600220 ,江苏阳光,3.15,3.09
600219 ,南山铝业,2.74,2.75
600218 ,全柴动力,12.95,12.99
600217 ,中再资环,5.65,5.72
600217 ,中再资环,5.65,5.72
600217 ,中再资环,5.65,5.72
600217 ,中再资环,5.65,5.72
600216 ,浙江医药,11.15,11.28
600215 ,长春经开,8.9,8.91
600213 ,亚星客车,7.82,8.12
600212 ,江泉实业,4.88,5.14
600211 ,西藏药业,40.0,41.51
600210 ,紫江企业,4.78,5.07
600209 ,*ST罗顿,4.52,4.7
600209 ,*ST罗顿,4.52,4.7
600209 ,*ST罗顿,4.52,4.7
600209 ,*ST罗顿,4.52,4.7
600208 ,新湖中宝,3.83,3.89
600207 ,安彩高科,5.73,5.6
600206 ,有研新材,9.24,9.2
600203 ,福日电子,6.15,6.19
600202 ,*ST哈空,5.19,5.33
600202 ,*ST哈空,5.19,5.33
600202 ,*ST哈空,5.19,5.33
600202 ,*ST哈空,5.19,5.33
600201 ,生物股份,16.9,17.62
600200 ,江苏吴中,8.23,8.31
600199 ,金种子酒,7.13,8.25
600198 ,*ST大唐,10.56,11.28
600198 ,*ST大唐,10.56,11.28
600198 ,*ST大唐,10.56,11.28
600198 ,*ST大唐,10.56,11.28
600197 ,伊力特,19.43,19.66
600196 ,复星医药,30.14,30.07
600195 ,中牧股份,13.27,13.19
600193 ,*ST创兴,4.6,4.15
600193 ,*ST创兴,4.6,4.15
600193 ,*ST创兴,4.6,4.15
600193 ,*ST创兴,4.6,4.15
600192 ,长城电工,7.78,7.6
600191 ,华资实业,5.3,5.5
600190 ,锦州港,3.53,3.55
600189 ,吉林森工,4.85,4.97
600188 ,兖州煤业,10.68,10.69
600187 ,国中水务,3.75,3.75
600186 ,莲花健康,2.23,2.31
600185 ,格力地产,5.13,5.22
600184 ,光电股份,12.36,12.27
600183 ,生益科技,11.97,12.35
600182 ,S佳通,17.88,17.89
600180 ,瑞茂通,9.86,9.9
600179 ,安通控股,7.96,8.02
600178 ,东安动力,5.65,5.78
600177 ,雅戈尔,8.56,9.13
600176 ,中国巨石,10.76,10.82
600175 ,美都能源,3.0,2.92
600173 ,卧龙地产,4.97,5.06
600172 ,黄河旋风,4.57,4.57
600171 ,上海贝岭,13.55,13.98
600170 ,上海建工,3.87,3.84
600169 ,太原重工,3.05,3.07
600168 ,武汉控股,7.11,7.14
600167 ,联美控股,13.82,13.23
600166 ,福田汽车,2.39,2.42
600165 ,新日恒力,5.37,5.6
600163 ,中闽能源,3.98,4.44
600163 ,中闽能源,3.98,4.44
600163 ,中闽能源,3.98,4.44
600163 ,中闽能源,3.98,4.44
600162 ,香江控股,2.85,2.87
600161 ,天坛生物,23.79,23.88
600160 ,巨化股份,8.55,8.41
600159 ,大龙地产,3.15,3.23
600158 ,中体产业,11.68,13.07
600157 ,永泰能源,2.3,2.28
600156 ,华升股份,7.26,8.68
600155 ,华创阳安,10.65,11.43
600153 ,建发股份,8.91,9.07
600152 ,维科技术,7.45,7.49
600151 ,航天机电,5.72,6.1
600150 ,*ST船舶,19.16,18.69
600150 ,*ST船舶,19.16,18.69
600150 ,*ST船舶,19.16,18.69
600150 ,*ST船舶,19.16,18.69
600149 ,ST坊展,6.09,6.59
600149 ,ST坊展,6.09,6.59
600149 ,ST坊展,6.09,6.59
600149 ,ST坊展,6.09,6.59
600148 ,长春一东,18.47,18.44
600146 ,商赢环球,8.44,9.74
600145 ,*ST新亿,1.87,1.87
600145 ,*ST新亿,1.87,1.87
600145 ,*ST新亿,1.87,1.87
600145 ,*ST新亿,1.87,1.87
600143 ,金发科技,5.46,5.62
600141 ,兴发集团,11.9,11.94
600139 ,西部资源,4.7,4.8
600138 ,中青旅,16.48,16.34
600137 ,浪莎股份,15.98,15.9
600136 ,当代明诚,13.4,14.3
600135 ,乐凯胶片,8.22,8.37
600133 ,东湖高新,7.62,7.82
600132 ,重庆啤酒,33.79,34.76
600131 ,岷江水电,20.58,22.53
600130 ,波导股份,4.62,4.62
600129 ,太极集团,11.32,11.7
600128 ,弘业股份,10.07,10.16
600127 ,金健米业,3.62,3.63
600126 ,杭钢股份,5.26,5.23
600125 ,铁龙物流,8.44,8.54
600123 ,兰花科创,7.98,8.02
600122 ,宏图高科,4.66,4.79
600121 ,郑州煤电,3.76,3.75
600120 ,浙江东方,17.75,18.26
600119 ,长江投资,7.77,7.77
600118 ,中国卫星,26.18,25.69
600117 ,西宁特钢,4.31,4.33
600116 ,三峡水利,9.96,9.96
600115 ,东方航空,6.35,6.43
600114 ,东睦股份,8.28,8.06
600113 ,浙江东日,8.51,8.93
600112 ,天成控股,4.95,5.01
600111 ,北方稀土,11.89,11.73
600110 ,诺德股份,5.18,5.18
600109 ,国金证券,10.19,10.54
600108 ,亚盛集团,3.37,3.8
600107 ,美尔雅,8.0,7.94
600106 ,重庆路桥,3.8,3.83
600105 ,永鼎股份,5.95,5.85
600104 ,上汽集团,26.6,26.25
600103 ,青山纸业,3.24,3.29
600101 ,明星电力,8.73,9.28
600100 ,同方股份,12.01,12.7
600099 ,林海股份,7.16,7.31
600098 ,广州发展,6.35,6.42
600097 ,开创国际,12.81,13.21
600096 ,云天化,6.58,6.87
600095 ,哈高科,5.06,5.27
600094 ,大名城,6.95,6.85
600093 ,易见股份,12.57,13.26
600091 ,ST明科,4.22,4.27
600091 ,ST明科,4.22,4.27
600091 ,ST明科,4.22,4.27
600091 ,ST明科,4.22,4.27
600090 ,同济堂,6.22,6.4
600089 ,特变电工,8.48,8.6
600088 ,中视传媒,20.36,24.64
600086 ,东方金钰,6.29,6.25
600085 ,同仁堂,30.89,30.16
600084 ,中葡股份,3.54,3.72
600083 ,博信股份,18.04,18.72
600082 ,海泰发展,5.53,5.64
600081 ,东风科技,9.68,9.45
600080 ,金花股份,7.64,8.0
600079 ,人福医药,11.35,11.46
600078 ,澄星股份,4.27,4.31
600077 ,宋都股份,3.28,3.32
600076 ,康欣新材,5.12,5.09
600075 ,新疆天业,5.74,6.94
600074 ,*ST保千,1.26,1.33
600074 ,*ST保千,1.26,1.33
600074 ,*ST保千,1.26,1.33
600074 ,*ST保千,1.26,1.33
600073 ,上海梅林,9.01,8.85
600072 ,中船科技,11.85,14.34
600071 ,凤凰光学,11.93,12.11
600071 ,凤凰光学,11.93,12.11
600071 ,凤凰光学,11.93,12.11
600071 ,凤凰光学,11.93,12.11
600070 ,浙江富润,9.05,9.44
600069 ,银鸽投资,3.9,3.94
600069 ,银鸽投资,3.9,3.94
600069 ,银鸽投资,3.9,3.94
600069 ,银鸽投资,3.9,3.94
600068 ,葛洲坝,7.37,7.33
600067 ,冠城大通,5.09,4.97
600066 ,宇通客车,13.46,13.69
600064 ,南京高科,12.83,13.0
600063 ,皖维高新,3.38,3.46
600062 ,华润双鹤,13.92,14.23
600061 ,国投资本,13.88,14.35
600060 ,海信电器,10.96,11.01
600059 ,古越龙山,8.01,8.13
600058 ,五矿发展,8.4,8.38
600057 ,厦门象屿,5.12,5.12
600056 ,中国医药,15.8,16.26
600055 ,万东医疗,13.6,13.49
600054 ,黄山旅游,11.38,11.35
600053 ,九鼎投资,27.6,31.12
600052 ,浙江广厦,3.63,3.66
600051 ,宁波联合,6.89,7.0
600050 ,中国联通,7.1,7.11
600048 ,保利地产,14.24,14.35
600039 ,四川路桥,4.04,4.0
600038 ,中直股份,46.38,47.0
600037 ,歌华有线,11.92,12.95
600036 ,招商银行,32.03,32.16
600035 ,楚天高速,3.84,3.82
600033 ,福建高速,3.53,3.49
600031 ,三一重工,12.8,13.02
600030 ,中信证券,24.23,25.11
600029 ,南方航空,8.35,8.39
600028 ,中国石化,6.05,6.03
600027 ,华电国际,4.48,4.4
600026 ,中远海能,6.16,6.24
600025 ,华能水电,3.75,3.85
600023 ,浙能电力,4.95,4.94
600022 ,山东钢铁,1.99,1.99
600021 ,上海电力,9.16,9.18
600020 ,中原高速,6.21,6.61
600019 ,宝钢股份,7.51,7.46
600018 ,上港集团,7.24,7.23
600017 ,日照港,3.44,3.46
600016 ,民生银行,6.5,6.48
600015 ,华夏银行,8.35,8.35
600012 ,皖通高速,6.93,7.03
600011 ,华能国际,6.78,6.57
600010 ,包钢股份,1.92,1.93
600009 ,上海机场,58.9,58.29
600008 ,首创股份,4.16,4.2
600007 ,中国国贸,14.33,14.78
600006 ,东风汽车,4.45,4.51
600004 ,白云机场,13.99,14.18
600000 ,浦发银行,11.55,11.55
300763 ,N锦浪,38.36,46.42
300762 ,上海瀚讯,31.2,37.75
300761 ,立华股份,77.41,74.37
300760 ,迈瑞医疗,131.2,130.42
300759 ,康龙化成,44.9,42.16
300758 ,七彩化学,48.88,49.54
300757 ,罗博特科,64.91,64.5
300756 ,中山金马,99.14,97.85
300755 ,华致酒行,32.5,34.2
300753 ,爱朋医疗,42.72,42.5
300752 ,隆利科技,68.12,68.03
300751 ,迈为股份,179.44,174.81
300750 ,宁德时代,88.6,86.18
300749 ,顶固集创,39.67,38.8
300748 ,金力永磁,27.85,27.2
300747 ,锐科激光,177.45,183.43
300746 ,汉嘉设计,23.92,23.34
300745 ,欣锐科技,38.92,38.19
300743 ,天地数码,40.66,40.46
300742 ,越博动力,44.65,45.7
300741 ,华宝股份,41.99,44.14
300740 ,御家汇,18.23,18.99
300739 ,明阳电路,24.38,23.85
300738 ,奥飞数据,45.65,46.44
300737 ,科顺股份,10.53,10.54
300736 ,百邦科技,22.4,22.65
300735 ,光弘科技,25.3,24.79
300733 ,西菱动力,15.85,15.68
300732 ,设研院,38.67,38.68
300731 ,科创新源,32.08,31.29
300730 ,科创信息,21.2,20.72
300729 ,乐歌股份,26.5,26.21
300727 ,润禾材料,21.46,21.4
300726 ,宏达电子,21.29,21.1
300725 ,药石科技,106.34,101.0
300724 ,捷佳伟创,36.02,35.05
300723 ,一品红,34.06,34.58
300722 ,新余国科,36.97,36.91
300721 ,怡达股份,21.15,23.27
300720 ,海川智能,28.8,28.41
300719 ,安达维尔,12.87,12.74
300718 ,长盛轴承,17.26,17.21
300717 ,华信新材,16.4,17.07
300716 ,国立科技,12.43,12.48
300715 ,凯伦股份,25.02,25.02
300713 ,英可瑞,25.04,24.84
300712 ,永福股份,16.47,16.79
300711 ,广哈通信,20.02,19.99
300710 ,万隆光电,33.14,32.95
300709 ,精研科技,38.33,38.99
300708 ,聚灿光电,12.47,12.51
300707 ,威唐工业,18.57,18.14
300706 ,阿石创,29.94,29.32
300705 ,九典制药,15.19,15.24
300703 ,创源文化,16.37,16.72
300702 ,天宇股份,29.35,31.11
300701 ,森霸传感,37.99,38.49
300700 ,岱勒新材,25.86,25.3
300699 ,光威复材,47.2,53.25
300698 ,万马科技,17.76,18.05
300697 ,电工合金,13.15,13.25
300696 ,爱乐达,25.28,25.63
300695 ,兆丰股份,63.99,64.21
300694 ,蠡湖股份,23.95,22.98
300693 ,盛弘股份,19.35,18.72
300692 ,中环环保,14.97,15.32
300691 ,联合光电,31.02,32.33
300690 ,双一科技,24.52,27.79
300689 ,澄天伟业,35.78,35.71
300688 ,创业黑马,45.21,47.39
300687 ,赛意信息,29.58,28.54
300686 ,智动力,15.27,15.16
300685 ,艾德生物,56.8,54.85
300684 ,中石科技,39.4,40.03
300683 ,海特生物,32.08,32.26
300682 ,朗新科技,23.59,25.58
300681 ,英搏尔,36.77,36.96
300680 ,隆盛科技,19.28,19.16
300679 ,电连技术,35.74,35.2
300678 ,中科信息,26.5,26.29
300677 ,英科医疗,20.19,19.76
300676 ,华大基因,79.29,77.17
300675 ,建科院,27.15,26.9
300674 ,宇信科技,35.07,35.39
300673 ,佩蒂股份,54.48,53.6
300672 ,国科微,47.76,47.19
300671 ,富满电子,21.01,20.84
300670 ,大烨智能,17.69,17.28
300669 ,沪宁股份,20.62,21.2
300668 ,杰恩设计,21.44,21.86
300667 ,必创科技,31.94,31.25
300666 ,江丰电子,44.56,44.55
300665 ,飞鹿股份,12.07,11.83
300664 ,鹏鹞环保,11.27,11.59
300663 ,科蓝软件,25.77,31.19
300662 ,科锐国际,37.16,36.99
300661 ,圣邦股份,95.35,93.44
300660 ,江苏雷利,24.3,24.26
300659 ,中孚信息,30.45,29.8
300658 ,延江股份,15.31,14.93
300657 ,弘信电子,45.65,45.23
300656 ,民德电子,24.94,25.36
300655 ,晶瑞股份,16.94,16.92
300654 ,世纪天鸿,30.59,27.59
300653 ,正海生物,58.74,57.79
300652 ,雷迪克,25.58,23.65
300651 ,金陵体育,54.0,54.54
300650 ,太龙照明,16.13,16.18
300649 ,杭州园林,26.4,26.3
300648 ,星云股份,22.4,21.9
300647 ,超频三,17.74,17.24
300645 ,正元智慧,37.63,38.2
300644 ,南京聚隆,31.98,31.95
300643 ,万通智控,10.43,10.5
300642 ,透景生命,44.52,45.1
300641 ,正丹股份,6.08,6.13
300640 ,德艺文创,11.62,11.81
300639 ,凯普生物,17.37,17.75
300638 ,广和通,62.14,60.83
300637 ,扬帆新材,36.15,34.01
300636 ,同和药业,21.35,20.96
300635 ,达安股份,17.51,17.79
300634 ,彩讯股份,29.5,28.98
300633 ,开立医疗,30.5,30.66
300632 ,光莆股份,19.15,18.88
300631 ,久吾高科,17.45,18.21
300630 ,普利制药,71.2,71.0
300629 ,新劲刚,19.8,20.24
300628 ,亿联网络,100.3,98.73
300627 ,华测导航,20.39,20.25
300626 ,华瑞股份,9.37,9.43
300625 ,三雄极光,16.63,16.58
300624 ,万兴科技,64.42,62.76
300623 ,捷捷微电,37.0,35.58
300622 ,博士眼镜,19.63,19.57
300621 ,维业股份,10.98,11.15
300620 ,光库科技,46.22,47.87
300619 ,金银河,27.31,27.55
300618 ,寒锐钴业,83.07,80.7
300617 ,安靠智电,27.31,27.09
300616 ,尚品宅配,83.01,82.42
300615 ,欣天科技,20.41,20.32
300613 ,富瀚微,111.0,110.5
300612 ,宣亚国际,24.42,23.93
300611 ,美力科技,10.2,10.32
300610 ,晨化股份,14.3,14.36
300609 ,汇纳科技,42.06,41.24
300608 ,思特奇,26.66,25.55
300607 ,拓斯达,42.1,41.64
300606 ,金太阳,20.05,20.51
300605 ,恒锋信息,18.1,18.4
300604 ,长川科技,39.5,38.07
300603 ,立昂技术,29.31,29.74
300602 ,飞荣达,46.6,45.9
300601 ,康泰生物,45.95,45.2
300600 ,瑞特股份,26.45,26.37
300599 ,雄塑科技,12.32,12.42
300598 ,诚迈科技,31.0,29.94
300597 ,吉大通信,16.15,16.39
300596 ,利安隆,34.04,33.0
300595 ,欧普康视,53.14,51.84
300593 ,新雷能,21.51,20.11
300592 ,华凯创意,11.15,11.19
300591 ,万里马,6.73,6.8
300590 ,移为通信,43.25,41.0
300589 ,江龙船艇,13.45,15.68
300588 ,熙菱信息,15.46,15.51
300587 ,天铁股份,23.68,23.44
300586 ,美联新材,16.18,15.83
300585 ,奥联电子,10.58,10.8
300584 ,海辰药业,30.08,28.36
300583 ,赛托生物,37.64,37.84
300582 ,英飞特,15.15,15.21
300581 ,晨曦航空,16.05,16.34
300580 ,贝斯特,17.66,17.73
300579 ,数字认证,41.9,39.96
300578 ,会畅通讯,22.85,23.88
300577 ,开润股份,33.42,33.46
300576 ,容大感光,16.97,16.96
300575 ,中旗股份,63.83,60.51
300573 ,兴齐眼药,19.09,18.99
300572 ,安车检测,76.08,74.3
300571 ,平治信息,62.4,60.94
300570 ,太辰光,23.1,23.41
300569 ,天能重工,21.99,22.38
300568 ,星源材质,32.25,31.05
300567 ,精测电子,75.9,72.9
300566 ,激智科技,15.9,15.95
300565 ,科信技术,15.32,15.33
300563 ,神宇股份,27.44,27.56
300562 ,乐心医疗,12.76,12.71
300561 ,汇金科技,15.66,15.64
300560 ,中富通,21.27,21.08
300559 ,佳发教育,49.05,46.43
300558 ,贝达药业,47.18,46.44
300557 ,理工光科,30.23,29.79
300556 ,丝路视觉,22.12,21.87
300555 ,路通视信,11.54,11.58
300554 ,三超新材,19.96,19.82
300553 ,集智股份,37.22,36.9
300552 ,万集科技,19.73,19.76
300551 ,古鳌科技,15.51,15.2
300550 ,和仁科技,61.86,63.17
300549 ,优德精密,14.36,14.48
300548 ,博创科技,47.53,47.87
300547 ,川环科技,24.74,24.27
300546 ,雄帝科技,31.89,32.21
300545 ,联得装备,32.49,32.95
300543 ,朗科智能,19.79,19.99
300542 ,新晨科技,16.3,16.52
300541 ,先进数通,17.02,17.12
300540 ,深冷股份,15.04,14.4
300539 ,横河模具,12.66,12.38
300538 ,同益股份,34.3,35.26
300537 ,广信材料,11.95,11.8
300536 ,农尚环境,13.34,16.14
300535 ,达威股份,14.75,14.97
300534 ,陇神戎发,6.96,6.93
300533 ,冰川网络,38.57,38.86
300532 ,今天国际,14.7,14.84
300531 ,优博讯,24.93,23.22
300530 ,达志科技,39.69,39.71
300529 ,健帆生物,56.31,55.73
300528 ,幸福蓝海,9.31,9.33
300527 ,中国应急,9.07,9.12
300526 ,中潜股份,12.99,13.22
300525 ,博思软件,36.64,38.16
300523 ,辰安科技,53.28,53.09
300522 ,世名科技,19.17,19.56
300521 ,爱司凯,12.04,12.1
300520 ,科大国创,21.41,21.77
300519 ,新光药业,16.46,16.09
300518 ,盛讯达,26.91,27.7
300517 ,海波重科,15.8,16.35
300516 ,久之洋,36.11,36.12
300515 ,三德科技,10.56,10.67
300514 ,友讯达,16.57,16.29
300513 ,恒实科技,26.76,26.45
300512 ,中亚股份,16.04,16.31
300511 ,雪榕生物,8.8,8.7
300510 ,金冠股份,12.47,12.02
300509 ,新美星,14.23,14.23
300508 ,维宏股份,28.39,28.73
300507 ,苏奥传感,20.25,20.56
300506 ,名家汇,21.08,20.14
300505 ,川金诺,24.94,25.45
300504 ,天邑股份,29.68,30.0
300503 ,昊志机电,10.73,10.68
300502 ,新易盛,29.48,29.22
300501 ,海顺新材,22.74,22.75
300500 ,启迪设计,23.9,24.79
300499 ,高澜股份,16.02,16.01
300498 ,温氏股份,40.7,38.07
300497 ,富祥股份,18.62,18.49
300496 ,中科创达,34.32,33.97
300495 ,美尚生态,14.01,14.76
300494 ,盛天网络,12.36,13.03
300493 ,润欣科技,11.3,11.33
300492 ,山鼎设计,25.54,26.63
300491 ,通合科技,18.83,18.69
300490 ,华自科技,13.91,13.79
300489 ,中飞股份,14.9,14.57
300488 ,恒锋工具,26.12,26.0
300487 ,蓝晓科技,35.75,36.55
300486 ,东杰智能,15.5,15.42
300485 ,赛升药业,12.57,12.43
300484 ,蓝海华腾,13.29,13.29
300483 ,沃施股份,0.0,0.0
300482 ,万孚生物,35.39,34.87
300481 ,濮阳惠成,20.48,19.02
300480 ,光力科技,13.94,13.49
300479 ,神思电子,17.76,17.94
300478 ,杭州高新,16.91,16.65
300477 ,合纵科技,10.19,9.96
300476 ,胜宏科技,14.94,14.61
300475 ,聚隆科技,10.49,11.75
300474 ,景嘉微,49.72,48.4
300473 ,德尔股份,38.35,38.2
300472 ,新元科技,21.6,23.12
300471 ,厚普股份,11.32,13.2
300470 ,日机密封,25.27,25.73
300469 ,信息发展,25.19,25.28
300468 ,四方精创,16.72,16.73
300467 ,迅游科技,28.87,29.19
300466 ,赛摩电气,7.09,7.22
300465 ,高伟达,8.46,8.89
300464 ,星徽精密,9.12,9.3
300463 ,迈克生物,20.35,20.14
300462 ,华铭智能,18.89,18.87
300461 ,田中精机,24.62,23.69
300460 ,惠伦晶体,10.1,10.25
300459 ,金科文化,8.69,8.53
300458 ,全志科技,24.54,24.52
300457 ,赢合科技,27.52,26.62
300456 ,耐威科技,30.46,29.82
300455 ,康拓红外,8.1,8.28
300454 ,深信服,101.45,100.35
300453 ,三鑫医疗,13.62,13.75
300452 ,山河药辅,16.65,16.9
300451 ,创业慧康,21.88,23.7
300450 ,先导智能,37.41,36.96
300449 ,汉邦高科,22.55,23.17
300448 ,浩云科技,13.05,13.09
300447 ,全信股份,11.2,11.22
300446 ,乐凯新材,25.86,29.03
300445 ,康斯特,12.62,13.16
300444 ,双杰电气,8.94,9.06
300443 ,金雷股份,18.75,18.87
300442 ,普丽盛,15.24,15.44
300441 ,鲍斯股份,8.09,8.05
300440 ,运达科技,8.17,8.06
300439 ,美康生物,16.59,16.27
300438 ,鹏辉能源,25.13,24.66
300437 ,清水源,17.05,17.53
300436 ,广生堂,27.34,27.34
300435 ,中泰股份,12.95,12.49
300434 ,金石东方,10.57,10.25
300433 ,蓝思科技,8.86,8.9
300432 ,富临精工,7.21,7.17
300431 ,暴风集团,10.85,11.2
300430 ,诚益通,9.74,9.82
300429 ,强力新材,31.3,29.93
300428 ,四通新材,12.62,12.68
300427 ,红相股份,13.84,14.03
300426 ,唐德影视,7.97,8.01
300425 ,环能科技,5.77,5.84
300424 ,航新科技,19.13,20.42
300423 ,鲁亿通,28.0,28.73
300422 ,博世科,11.81,11.9
300421 ,力星股份,15.91,15.58
300420 ,五洋停车,6.59,6.65
300419 ,浩丰科技,6.3,6.8
300418 ,昆仑万维,15.6,15.6
300417 ,南华仪器,18.08,18.15
300416 ,苏试试验,20.89,21.15
300415 ,伊之密,7.67,7.58
300414 ,中光防雷,19.24,21.57
300413 ,芒果超媒,50.6,47.4
300412 ,迦南科技,7.48,7.53
300411 ,金盾股份,9.69,9.69
300410 ,正业科技,23.52,23.16
300409 ,道氏技术,21.63,21.58
300408 ,三环集团,23.84,22.4
300407 ,凯发电气,8.51,8.62
300406 ,九强生物,14.9,15.1
300405 ,科隆股份,9.19,9.25
300404 ,博济医药,14.83,14.73
300403 ,汉宇集团,6.02,6.05
300402 ,宝色股份,10.25,10.28
300401 ,花园生物,15.06,14.88
300400 ,劲拓股份,20.39,20.47
300399 ,京天利,13.31,14.2
300398 ,飞凯材料,19.02,19.39
300397 ,天和防务,23.0,23.05
300396 ,迪瑞医疗,16.4,16.13
300395 ,菲利华,19.83,19.4
300394 ,天孚通信,32.18,32.08
300393 ,中来股份,23.63,23.51
300392 ,腾信股份,8.97,8.78
300391 ,康跃科技,12.96,12.98
300390 ,天华超净,11.41,11.71
300389 ,艾比森,17.83,17.35
300388 ,国祯环保,10.71,10.9
300387 ,富邦股份,7.6,7.45
300386 ,飞天诚信,13.85,13.83
300385 ,雪浪环境,18.75,19.07
300384 ,三联虹普,16.98,16.8
300383 ,光环新网,18.42,18.88
300382 ,斯莱克,6.83,6.77
300381 ,溢多利,10.98,10.76
300380 ,安硕信息,23.47,28.4
300379 ,东方通,24.05,25.5
300378 ,鼎捷软件,14.54,14.59
300377 ,赢时胜,14.75,14.83
300376 ,易事特,6.08,6.05
300375 ,鹏翎股份,7.09,7.27
300374 ,恒通科技,11.49,11.04
300373 ,扬杰科技,20.37,19.95
300371 ,汇中股份,15.3,15.5
300370 ,安控科技,5.51,5.56
300369 ,绿盟科技,13.08,13.35
300368 ,汇金股份,8.91,9.35
300367 ,东方网力,12.39,12.53
300366 ,创意信息,9.46,9.52
300365 ,恒华科技,28.31,27.9
300364 ,中文在线,6.04,6.22
300363 ,博腾股份,11.26,11.16
300362 ,天翔环境,5.76,6.06
300360 ,炬华科技,9.63,9.58
300359 ,全通教育,7.22,0.0
300358 ,楚天科技,8.97,9.06
300357 ,我武生物,47.9,46.04
300356 ,光一科技,10.29,10.49
300355 ,蒙草生态,5.35,5.45
300354 ,东华测试,10.65,10.78
300353 ,东土科技,12.59,12.63
300352 ,北信源,6.33,6.32
300351 ,永贵电器,10.91,11.07
300350 ,华鹏飞,7.5,7.64
300349 ,金卡智能,22.48,21.99
300348 ,长亮科技,25.76,25.91
300347 ,泰格医药,63.42,62.78
300346 ,南大光电,13.57,14.02
300345 ,红宇新材,5.07,4.95
300344 ,太空智造,7.69,7.77
300343 ,联创互联,8.08,8.34
300342 ,天银机电,9.41,9.31
300341 ,麦克奥迪,6.31,6.26
300340 ,科恒股份,21.98,21.34
300339 ,润和软件,13.61,13.76
300338 ,开元股份,10.23,10.46
300337 ,银邦股份,4.45,5.39
300336 ,新文化,5.51,5.57
300335 ,迪森股份,7.97,7.62
300334 ,津膜科技,8.94,9.88
300333 ,兆日科技,10.43,10.44
300332 ,天壕环境,6.23,7.28
300331 ,苏大维格,18.49,18.49
300330 ,华虹计通,9.24,9.33
300329 ,海伦钢琴,8.85,8.86
300328 ,宜安科技,10.1,9.93
300327 ,中颖电子,25.52,25.35
300326 ,凯利泰,10.5,10.34
300325 ,德威新材,4.64,4.39
300324 ,旋极信息,8.15,8.16
300323 ,华灿光电,9.53,9.33
300322 ,硕贝德,14.26,14.62
300321 ,同大股份,15.67,16.04
300320 ,海达股份,5.96,6.04
300319 ,麦捷科技,8.14,7.97
300318 ,博晖创新,5.08,5.04
300317 ,珈伟新能,7.16,6.98
300316 ,晶盛机电,16.3,15.77
300315 ,掌趣科技,4.22,4.27
300314 ,戴维医疗,10.14,10.19
300313 ,天山生物,7.54,7.59
300312 ,邦讯技术,8.82,8.67
300311 ,任子行,8.37,8.57
300310 ,宜通世纪,6.79,6.93
300309 ,吉艾科技,8.23,8.29
300308 ,中际旭创,58.28,58.09
300307 ,慈星股份,6.4,6.58
300306 ,远方信息,10.07,10.45
300305 ,裕兴股份,9.48,9.23
300304 ,云意电气,4.77,4.81
300303 ,聚飞光电,3.5,3.48
300302 ,同有科技,10.67,10.89
300301 ,长方集团,4.25,4.3
300300 ,汉鼎宇佑,13.64,13.54
300299 ,富春股份,5.89,5.77
300298 ,三诺生物,13.17,13.25
300297 ,蓝盾股份,7.55,7.53
300296 ,利亚德,8.86,8.67
300295 ,三六五网,15.59,16.29
300294 ,博雅生物,32.42,31.48
300293 ,蓝英装备,9.82,9.91
300292 ,吴通控股,4.5,4.53
300291 ,华录百纳,6.14,6.22
300290 ,荣科科技,9.36,9.25
300289 ,利德曼,7.75,7.82
300288 ,朗玛信息,16.65,16.92
300287 ,飞利信,5.39,5.45
300286 ,安科瑞,11.16,11.16
300285 ,国瓷材料,21.73,21.6
300284 ,苏交科,13.41,13.27
300283 ,温州宏丰,5.57,5.61
300282 ,三盛教育,13.42,13.49
300281 ,金明精机,6.72,6.89
300280 ,紫天科技,32.5,31.16
300279 ,和晶科技,6.88,6.88
300278 ,华昌达,8.43,8.59
300277 ,海联讯,7.74,7.87
300276 ,三丰智能,13.9,13.87
300275 ,梅安森,9.67,9.59
300274 ,阳光电源,12.1,11.7
300273 ,和佳股份,6.31,6.26
300272 ,开能健康,8.91,8.93
300271 ,华宇软件,21.36,21.23
300270 ,中威电子,8.87,8.97
300269 ,联建光电,6.33,6.32
300268 ,佳沃股份,14.87,14.86
300267 ,尔康制药,4.22,4.24
300266 ,兴源环境,4.25,4.39
300265 ,通光线缆,9.42,9.31
300264 ,佳创视讯,6.3,6.61
300263 ,隆华科技,5.8,5.89
300262 ,巴安水务,8.19,8.22
300261 ,雅本化学,5.72,6.14
300260 ,新莱应材,11.49,11.65
300259 ,新天科技,4.01,4.02
300258 ,精锻科技,13.4,13.31
300257 ,开山股份,13.34,13.38
300256 ,星星科技,4.14,4.2
300255 ,常山药业,7.03,6.9
300254 ,仟源医药,8.46,8.5
300253 ,卫宁健康,14.33,14.94
300252 ,金信诺,13.68,13.78
300251 ,光线传媒,8.85,8.93
300250 ,初灵信息,15.99,16.89
300249 ,依米康,8.09,8.16
300248 ,新开普,9.25,9.46
300247 ,融捷健康,4.08,4.15
300246 ,宝莱特,14.32,14.4
300245 ,天玑科技,11.54,11.66
300244 ,迪安诊断,21.97,21.77
300243 ,瑞丰高材,9.93,10.08
300242 ,佳云科技,5.34,5.31
300241 ,瑞丰光电,6.03,6.11
300240 ,飞力达,8.41,8.43
300239 ,东宝生物,4.88,4.9
300238 ,冠昊生物,15.47,16.37
300237 ,美晨生态,4.57,4.58
300236 ,上海新阳,32.74,36.2
300235 ,方直科技,10.3,10.35
300234 ,开尔新材,7.6,8.52
300233 ,金城医药,21.74,19.62
300232 ,洲明科技,13.85,13.86
300231 ,银信科技,8.59,8.56
300230 ,永利股份,6.07,6.05
300229 ,拓尔思,12.44,12.2
300228 ,富瑞特装,7.59,7.36
300227 ,光韵达,13.27,13.14
300226 ,上海钢联,87.67,87.98
300225 ,金力泰,6.28,6.27
300224 ,正海磁材,7.48,7.43
300223 ,北京君正,27.86,27.56
300222 ,科大智能,18.29,17.93
300221 ,银禧科技,7.46,7.5
300220 ,金运激光,15.32,15.28
300219 ,鸿利智汇,8.42,8.39
300218 ,安利股份,8.08,8.14
300217 ,东方电热,3.23,3.17
300216 ,千山药机,4.67,4.67
300215 ,电科院,7.13,7.08
300214 ,日科化学,6.28,6.46
300213 ,佳讯飞鸿,9.55,9.5
300212 ,易华录,28.75,28.68
300211 ,亿通科技,6.8,7.06
300210 ,森远股份,5.01,4.91
300209 ,天泽信息,14.6,14.52
300208 ,青岛中程,7.04,7.28
300207 ,欣旺达,12.25,11.93
300206 ,理邦仪器,6.99,7.09
300205 ,天喻信息,11.49,11.82
300204 ,舒泰神,14.07,14.22
300203 ,聚光科技,28.66,28.42
300202 ,聚龙股份,8.31,8.55
300201 ,海伦哲,5.2,5.44
300200 ,高盟新材,8.6,8.78
300199 ,翰宇药业,11.16,11.44
300198 ,纳川股份,4.62,4.83
300197 ,铁汉生态,4.72,4.77
300196 ,长海股份,10.4,10.8
300195 ,长荣股份,11.3,11.08
300194 ,福安药业,3.87,3.88
300193 ,佳士科技,8.31,8.27
300192 ,科斯伍德,11.01,10.95
300191 ,潜能恒信,18.61,18.18
300190 ,维尔利,6.48,6.59
300189 ,神农基因,3.68,3.67
300188 ,美亚柏科,18.44,18.11
300187 ,永清环保,6.48,6.58
300185 ,通裕重工,2.26,2.25
300184 ,力源信息,12.99,12.92
300183 ,东软载波,16.56,16.45
300182 ,捷成股份,6.29,6.55
300181 ,佐力药业,7.45,7.41
300180 ,华峰超纤,14.5,14.49
300179 ,四方达,4.79,4.86
300178 ,腾邦国际,10.87,10.83
300177 ,中海达,13.89,13.64
300176 ,派生科技,47.56,49.99
300175 ,朗源股份,6.82,6.88
300174 ,元力股份,13.23,13.41
300173 ,智慧松德,6.24,6.09
300172 ,中电环保,6.24,6.44
300171 ,东富龙,10.03,11.64
300170 ,汉得信息,17.28,17.86
300169 ,天晟新材,5.83,5.88
300168 ,万达信息,15.14,15.39
300167 ,迪威迅,6.18,6.21
300166 ,东方国信,15.78,15.82
300165 ,天瑞仪器,5.21,5.71
300164 ,通源石油,7.7,7.44
300163 ,先锋新材,4.26,4.22
300162 ,雷曼股份,6.47,6.59
300161 ,华中数控,14.45,15.25
300160 ,秀强股份,4.62,4.66
300159 ,新研股份,6.48,6.63
300158 ,振东制药,5.17,5.1
300157 ,恒泰艾普,5.81,5.61
300156 ,神雾环保,4.51,4.75
300155 ,安居宝,5.88,5.94
300154 ,瑞凌股份,6.1,6.15
300153 ,科泰电源,9.16,8.8
300152 ,科融环境,2.76,3.24
300151 ,昌红科技,6.79,6.61
300150 ,世纪瑞尔,5.52,5.61
300149 ,量子生物,18.23,18.09
300148 ,天舟文化,4.97,5.1
300147 ,香雪制药,8.34,8.17
300146 ,汤臣倍健,22.82,22.63
300145 ,中金环境,4.27,4.36
300144 ,宋城演艺,22.0,22.9
300143 ,星普医科,10.1,10.04
300142 ,沃森生物,21.28,20.82
300141 ,和顺电气,9.64,9.28
300140 ,中环装备,10.73,11.07
300139 ,晓程科技,12.91,13.34
300138 ,晨光生物,6.91,7.45
300137 ,先河环保,10.76,11.18
300136 ,信维通信,30.49,30.42
300135 ,宝利国际,3.3,3.31
300134 ,大富科技,15.77,15.48
300133 ,华策影视,8.56,8.3
300132 ,青松股份,14.65,14.29
300131 ,英唐智控,6.28,6.26
300130 ,新国都,17.03,17.65
300129 ,泰胜风能,4.37,4.49
300128 ,锦富技术,5.23,5.12
300127 ,银河磁体,13.6,13.74
300126 ,锐奇股份,6.08,6.31
300125 ,易世达,15.84,16.84
300124 ,汇川技术,26.85,0.0
300123 ,亚光科技,13.1,13.25
300122 ,智飞生物,51.0,49.46
300121 ,阳谷华泰,10.53,10.38
300120 ,经纬辉开,8.23,8.16
300119 ,瑞普生物,13.62,13.37
300118 ,东方日升,10.41,10.31
300117 ,嘉寓股份,4.56,4.68
300116 ,坚瑞沃能,2.13,2.27
300115 ,长盈精密,13.04,12.96
300114 ,中航电测,10.28,10.35
300113 ,顺网科技,17.02,18.52
300112 ,万讯自控,8.7,8.88
300111 ,向日葵,3.09,3.09
300110 ,华仁药业,3.88,3.92
300109 ,新开源,20.39,20.3
300108 ,吉药控股,8.07,8.24
300107 ,建新股份,12.24,12.15
300106 ,西部牧业,6.86,7.1
300105 ,龙源技术,5.03,5.07
300104 ,乐视网,3.08,3.04
300103 ,达刚路机,11.63,14.07
300102 ,乾照光电,6.96,6.88
300101 ,振芯科技,12.96,12.86
300100 ,双林股份,11.21,11.07
300099 ,精准信息,5.58,5.64
300098 ,高新兴,9.81,9.77
300097 ,智云股份,13.82,13.76
300096 ,易联众,12.39,12.12
300095 ,华伍股份,6.26,6.18
300094 ,国联水产,6.55,6.6
300093 ,金刚玻璃,7.16,7.26
300092 ,科新机电,7.74,7.57
300091 ,金通灵,5.64,5.38
300090 ,盛运环保,2.58,2.75
300089 ,文化长城,6.95,6.85
300088 ,长信科技,6.14,6.17
300087 ,荃银高科,8.34,8.3
300086 ,康芝药业,6.75,6.81
300085 ,银之杰,17.22,18.99
300084 ,海默科技,7.04,6.72
300083 ,劲胜智能,3.98,4.07
300082 ,奥克股份,7.23,7.13
300081 ,恒信东方,12.3,12.17
300080 ,易成新能,6.59,7.15
300079 ,数码科技,6.86,6.72
300078 ,思创医惠,11.12,10.96
300077 ,国民技术,9.99,9.96
300076 ,GQY视讯,5.61,5.6
300075 ,数字政通,13.39,13.6
300074 ,华平股份,4.96,5.06
300073 ,当升科技,30.6,29.79
300072 ,三聚环保,11.08,11.4
300071 ,华谊嘉信,4.26,4.26
300070 ,碧水源,9.79,9.88
300069 ,金利华电,12.77,12.81
300068 ,南都电源,15.73,15.6
300067 ,安诺其,6.58,6.53
300066 ,三川智慧,4.87,4.83
300065 ,海兰信,14.57,14.32
300064 ,豫金刚石,5.52,5.59
300063 ,天龙集团,3.93,4.0
300062 ,中能电气,6.55,6.46
300061 ,康旗股份,9.01,9.3
300059 ,东方财富,19.6,20.39
300058 ,蓝色光标,5.97,5.84
300057 ,万顺股份,7.85,7.8
300056 ,三维丝,6.43,7.05
300055 ,万邦达,9.06,9.7
300054 ,鼎龙股份,9.64,10.03
300053 ,欧比特,11.6,11.45
300052 ,中青宝,11.64,11.98
300051 ,三五互联,7.2,7.42
300050 ,世纪鼎利,6.81,6.73
300049 ,福瑞股份,11.11,11.27
300048 ,合康新能,3.22,3.15
300047 ,天源迪科,16.75,17.16
300046 ,台基股份,17.37,17.7
300045 ,华力创通,10.7,10.45
300044 ,赛为智能,8.86,8.64
300043 ,星辉娱乐,6.38,6.85
300042 ,朗科科技,22.44,20.79
300041 ,回天新材,7.67,7.68
300040 ,九洲电气,6.94,6.85
300039 ,上海凯宝,5.0,5.0
300038 ,数知科技,12.79,12.88
300037 ,新宙邦,28.08,27.2
300036 ,超图软件,18.82,18.99
300035 ,中科电气,5.99,5.97
300034 ,钢研高纳,12.81,13.55
300033 ,同花顺,86.3,95.5
300032 ,金龙机电,3.84,3.83
300031 ,宝通科技,16.16,15.71
300030 ,阳普医疗,6.43,6.43
300029 ,天龙光电,5.86,5.91
300028 ,金亚科技,0.0,0.0
300027 ,华谊兄弟,5.78,5.83
300026 ,红日药业,3.53,3.57
300025 ,华星创业,6.19,6.17
300024 ,机器人,19.79,20.71
300023 ,宝德股份,7.73,7.76
300022 ,吉峰科技,4.74,4.77
300021 ,大禹节水,6.09,6.3
300020 ,银江股份,9.23,9.81
300019 ,硅宝科技,7.47,7.49
300018 ,中元股份,6.79,6.88
300017 ,网宿科技,13.86,13.7
300016 ,北陆药业,11.37,10.85
300015 ,爱尔眼科,32.68,32.24
300014 ,亿纬锂能,24.0,24.15
300013 ,新宁物流,15.22,15.41
300012 ,华测检测,8.94,8.88
300011 ,鼎汉技术,7.52,8.38
300010 ,立思辰,10.13,10.24
300009 ,安科生物,16.69,16.22
300008 ,天海防务,4.07,4.27
300007 ,汉威科技,12.39,12.65
300006 ,莱美药业,4.79,5.19
300005 ,探路者,4.41,4.46
300004 ,南风股份,4.8,4.82
300003 ,乐普医疗,26.09,25.72
300002 ,神州泰岳,4.96,5.08
300001 ,特锐德,23.55,22.84
002951 ,金时科技,17.31,20.94
002950 ,奥美医疗,28.14,34.05
002949 ,华阳国际,33.6,33.77
002948 ,青岛银行,7.75,8.17
002947 ,恒铭达,48.0,47.04
002946 ,新乳业,19.55,19.39
002945 ,华林证券,15.17,15.8
002943 ,宇晶股份,39.34,39.81
002942 ,新农股份,33.31,33.25
002941 ,新疆交建,37.76,39.69
002940 ,昂利康,43.28,42.35
002939 ,长城证券,14.66,15.66
002938 ,鹏鼎控股,27.54,27.52
002937 ,兴瑞科技,35.88,35.87
002936 ,郑州银行,6.18,6.27
002935 ,天奥电子,49.07,48.47
002933 ,新兴装备,54.92,54.15
002932 ,明德生物,50.37,49.24
002931 ,锋龙股份,34.0,34.15
002930 ,宏川智慧,28.46,28.3
002929 ,润建通信,35.65,35.0
002928 ,华夏航空,22.33,21.9
002927 ,泰永长征,37.54,36.51
002926 ,华西证券,11.7,12.0
002925 ,盈趣科技,56.75,54.37
002923 ,润都股份,25.4,25.25
002922 ,伊戈尔,18.31,18.73
002921 ,联诚精密,25.26,25.12
002920 ,德赛西威,28.96,29.11
002919 ,名臣健康,23.22,23.16
002918 ,蒙娜丽莎,20.74,20.59
002917 ,金奥博,26.55,27.1
002916 ,深南电路,121.06,121.0
002915 ,中欣氟材,24.18,24.06
002913 ,奥士康,54.88,56.55
002912 ,中新赛克,116.35,116.0
002911 ,佛燃股份,18.57,17.97
002910 ,庄园牧场,13.82,14.15
002909 ,集泰股份,11.54,11.64
002908 ,德生科技,20.37,20.5
002907 ,华森制药,21.53,22.08
002906 ,华阳集团,11.55,11.53
002905 ,金逸影视,16.82,17.26
002903 ,宇环数控,20.19,20.16
002902 ,铭普光磁,29.55,28.8
002901 ,大博医疗,34.27,33.79
002900 ,哈三联,14.08,13.95
002899 ,英派斯,16.46,15.99
002898 ,赛隆药业,17.22,16.81
002897 ,意华股份,23.63,23.96
002896 ,中大力德,35.13,34.33
002895 ,川恒股份,14.51,14.35
002893 ,华通热力,16.67,17.1
002892 ,科力尔,48.93,48.64
002891 ,中宠股份,40.77,40.88
002890 ,弘宇股份,21.88,22.18
002889 ,东方嘉盛,27.04,27.12
002888 ,惠威科技,20.49,21.04
002887 ,绿茵生态,23.11,23.05
002886 ,沃特股份,20.65,20.1
002885 ,京泉华,24.03,23.98
002884 ,凌霄泵业,28.88,30.38
002883 ,中设股份,31.31,31.85
002882 ,金龙羽,11.11,11.09
002881 ,美格智能,22.32,22.27
002880 ,卫光生物,48.17,48.1
002879 ,长缆科技,18.14,17.55
002878 ,元隆雅图,28.65,28.8
002877 ,智能自控,17.19,16.92
002876 ,三利谱,49.95,47.91
002875 ,安奈儿,21.57,21.43
002873 ,新天药业,19.21,18.91
002872 ,天圣制药,11.09,10.96
002871 ,伟隆股份,25.48,24.77
002870 ,香山股份,24.09,24.3
002869 ,金溢科技,21.48,21.22
002868 ,绿康生化,19.51,19.31
002867 ,周大生,32.49,32.11
002866 ,传艺科技,13.13,13.19
002865 ,钧达股份,22.21,23.07
002864 ,盘龙药业,36.5,36.67
002863 ,今飞凯达,7.25,7.23
002862 ,实丰文化,29.8,30.18
002861 ,瀛通通讯,25.79,26.17
002860 ,星帅尔,21.63,21.84
002859 ,洁美科技,35.92,35.8
002858 ,力盛赛车,17.19,17.39
002857 ,三晖电气,13.45,13.62
002856 ,美芝股份,26.69,26.77
002855 ,捷荣技术,10.21,11.25
002853 ,皮阿诺,20.46,20.42
002852 ,道道全,16.49,16.35
002851 ,麦格米特,32.41,32.57
002850 ,科达利,26.25,25.81
002849 ,威星智能,16.37,16.42
002848 ,高斯贝尔,16.85,16.83
002847 ,盐津铺子,25.67,27.23
002846 ,英联股份,12.43,12.61
002845 ,同兴达,22.03,22.37
002843 ,泰嘉股份,15.57,16.0
002842 ,翔鹭钨业,21.49,21.17
002841 ,视源股份,76.3,74.53
002840 ,华统股份,19.7,19.31
002839 ,张家港行,7.11,7.12
002838 ,道恩股份,21.98,21.83
002837 ,英维克,19.73,19.66
002836 ,新宏泽,14.36,14.46
002835 ,同为股份,8.7,8.75
002833 ,弘亚数控,44.6,46.34
002832 ,比音勒芬,42.77,41.46
002831 ,裕同科技,56.8,56.26
002830 ,名雕股份,17.18,17.01
002829 ,星网宇达,21.55,21.41
002828 ,贝肯能源,14.11,13.7
002827 ,高争民爆,17.04,17.25
002826 ,易明医药,12.42,12.5
002825 ,纳尔股份,16.77,17.49
002824 ,和胜股份,11.76,12.94
002823 ,凯中精密,12.85,13.01
002822 ,中装建设,6.3,6.23
002821 ,凯莱英,92.41,93.27
002820 ,桂发祥,14.19,14.3
002819 ,东方中科,26.6,25.02
002818 ,富森美,25.4,25.13
002817 ,黄山胶囊,20.57,20.53
002816 ,和科达,23.36,22.93
002815 ,崇达技术,17.33,16.85
002813 ,路畅科技,32.26,32.8
002812 ,恩捷股份,64.65,62.8
002811 ,亚泰国际,17.52,17.44
002810 ,山东赫达,26.0,26.16
002809 ,红墙股份,19.9,19.55
002808 ,恒久科技,16.61,16.6
002807 ,江阴银行,6.58,6.56
002806 ,华锋股份,22.05,21.98
002805 ,丰元股份,18.63,19.52
002803 ,吉宏股份,20.21,21.1
002802 ,洪汇新材,22.94,23.38
002801 ,微光股份,27.36,26.18
002800 ,天顺股份,21.05,21.52
002799 ,环球印务,14.74,15.77
002798 ,帝欧家居,21.73,22.0
002797 ,第一创业,7.77,8.08
002796 ,世嘉科技,49.63,49.76
002795 ,永和智控,16.94,16.94
002793 ,东音股份,13.26,12.98
002792 ,通宇通讯,33.9,34.25
002791 ,坚朗五金,13.02,13.02
002790 ,瑞尔特,12.03,12.22
002789 ,建艺集团,18.87,19.39
002788 ,鹭燕医药,15.41,15.44
002787 ,华源控股,9.08,10.85
002786 ,银宝山新,10.07,10.18
002785 ,万里石,11.21,11.09
002783 ,凯龙股份,9.4,9.07
002782 ,可立克,15.58,15.54
002781 ,奇信股份,17.28,17.8
002780 ,三夫户外,18.25,18.39
002779 ,中坚科技,18.4,18.44
002778 ,高科石化,20.91,21.23
002777 ,久远银海,35.92,35.0
002776 ,柏堡龙,24.38,24.14
002775 ,文科园林,7.13,7.24
002774 ,快意电梯,10.4,10.34
002773 ,康弘药业,50.95,49.59
002772 ,众兴菌业,7.86,7.96
002771 ,真视通,16.2,16.56
002770 ,科迪乳业,3.73,3.76
002769 ,普路通,11.81,11.75
002768 ,国恩股份,27.24,26.58
002767 ,先锋电子,15.86,15.82
002766 ,索菱股份,6.46,6.47
002765 ,蓝黛传动,8.68,8.48
002763 ,汇洁股份,9.36,9.38
002762 ,金发拉比,6.78,6.93
002761 ,多喜爱,17.52,17.18
002760 ,凤形股份,17.17,17.45
002759 ,天际股份,9.37,9.62
002758 ,华通医药,10.98,10.73
002757 ,南兴装备,34.99,34.53
002756 ,永兴特钢,16.89,16.65
002755 ,奥赛康,15.53,15.51
002753 ,永东股份,10.76,10.81
002752 ,昇兴股份,7.79,7.86
002751 ,易尚展示,27.61,27.72
002750 ,龙津药业,17.88,21.64
002749 ,国光股份,22.84,22.78
002748 ,世龙实业,8.75,8.68
002747 ,埃斯顿,11.14,11.2
002746 ,仙坛股份,25.5,24.56
002745 ,木林森,15.26,15.49
002743 ,富煌钢构,6.93,7.14
002742 ,三圣股份,8.45,8.55
002741 ,光华科技,15.87,15.83
002740 ,爱迪尔,7.17,7.29
002739 ,万达电影,23.74,23.35
002738 ,中矿资源,17.24,17.15
002737 ,葵花药业,18.22,19.23
002736 ,国信证券,13.35,13.7
002735 ,王子新材,26.82,27.52
002734 ,利民股份,13.37,13.43
002733 ,雄韬股份,24.54,25.35
002732 ,燕塘乳业,19.02,19.9
002731 ,萃华珠宝,22.7,22.31
002730 ,电光科技,8.35,8.41
002729 ,好利来,25.9,26.06
002728 ,特一药业,16.51,16.42
002727 ,一心堂,26.76,26.29
002726 ,龙大肉食,9.31,9.18
002725 ,跃岭股份,10.57,10.45
002724 ,海洋王,6.64,6.7
002723 ,金莱特,10.43,10.35
002722 ,金轮股份,17.44,17.68
002721 ,金一文化,6.89,7.0
002719 ,麦趣尔,13.13,13.62
002718 ,友邦吊顶,33.03,33.4
002717 ,岭南股份,9.07,9.13
002716 ,金贵银业,8.06,8.53
002715 ,登云股份,18.72,18.76
002714 ,牧原股份,58.19,54.8
002713 ,东易日盛,18.8,18.85
002712 ,思美传媒,8.49,8.97
002711 ,欧浦智网,4.55,4.69
002709 ,天赐材料,33.41,33.33
002708 ,光洋股份,11.15,11.57
002707 ,众信旅游,7.23,7.58
002706 ,良信电器,6.54,6.51
002705 ,新宝股份,12.18,11.88
002703 ,浙江世宝,5.56,5.61
002702 ,海欣食品,4.95,5.07
002701 ,奥瑞金,5.44,5.51
002700 ,新疆浩源,11.44,11.37
002699 ,美盛文化,7.16,7.25
002698 ,博实股份,12.39,12.7
002697 ,红旗连锁,5.42,5.41
002696 ,百洋股份,9.18,9.08
002695 ,煌上煌,13.28,13.0
002694 ,顾地科技,5.34,5.2
002693 ,双成药业,5.01,5.16
002692 ,远程股份,4.75,4.71
002691 ,冀凯股份,8.38,8.34
002690 ,美亚光电,26.07,26.39
002689 ,远大智能,5.58,5.38
002688 ,金河生物,5.59,5.62
002687 ,乔治白,6.83,7.0
002686 ,亿利达,7.5,7.57
002685 ,华东重机,6.7,6.68
002684 ,猛狮科技,8.78,8.6
002683 ,宏大爆破,13.28,14.78
002682 ,龙洲股份,5.36,0.0
002681 ,奋达科技,5.19,5.13
002680 ,*ST长生,0.0,0.0
002679 ,福建金森,24.75,24.93
002678 ,珠江钢琴,7.11,7.19
002677 ,浙江美大,13.24,13.07
002676 ,顺威股份,3.92,3.89
002675 ,东诚药业,13.07,12.86
002674 ,兴业科技,11.94,12.96
002673 ,西部证券,10.91,12.41
002672 ,东江环保,12.58,12.66
002671 ,龙泉股份,5.56,5.79
002670 ,国盛金控,13.12,13.48
002669 ,康达新材,14.2,14.1
002668 ,奥马电器,6.3,6.36
002667 ,鞍重股份,8.44,8.38
002666 ,德联集团,4.99,5.16
002665 ,首航节能,3.57,3.58
002664 ,长鹰信质,14.49,14.45
002663 ,普邦股份,3.33,3.33
002662 ,京威股份,5.1,5.02
002661 ,克明面业,14.84,15.72
002660 ,茂硕电源,7.63,7.73
002659 ,凯文教育,9.28,8.95
002658 ,雪迪龙,8.7,8.81
002657 ,中科金财,19.62,19.97
002656 ,摩登大道,6.79,6.66
002655 ,共达电声,8.1,8.45
002654 ,万润科技,4.97,5.01
002653 ,海思科,12.5,12.63
002652 ,扬子新材,5.15,5.08
002651 ,利君股份,5.63,5.59
002650 ,加加食品,4.18,4.11
002649 ,博彦科技,9.91,9.84
002648 ,卫星石化,14.25,14.07
002647 ,仁东控股,14.55,14.65
002646 ,青青稞酒,12.8,12.95
002645 ,华宏科技,8.98,9.07
002644 ,佛慈制药,8.94,8.98
002643 ,万润股份,11.74,11.86
002642 ,荣之联,7.96,8.12
002641 ,永高股份,3.95,4.01
002640 ,跨境通,12.24,12.09
002639 ,雪人股份,9.73,10.25
002638 ,勤上股份,3.23,3.26
002637 ,赞宇科技,8.66,8.7
002636 ,金安国纪,9.25,9.34
002635 ,安洁科技,15.05,14.98
002634 ,棒杰股份,5.58,5.64
002633 ,申科股份,9.9,9.59
002632 ,道明光学,9.08,8.87
002631 ,德尔未来,8.31,8.24
002630 ,华西能源,3.71,3.72
002629 ,仁智股份,4.64,4.5
002628 ,成都路桥,6.39,6.26
002627 ,宜昌交运,7.98,7.98
002626 ,金达威,14.67,14.52
002625 ,光启技术,12.08,11.9
002624 ,完美世界,34.26,34.2
002623 ,亚玛顿,17.94,18.13
002622 ,融钰集团,4.43,4.42
002621 ,三垒股份,23.7,23.7
002620 ,瑞和股份,7.25,7.38
002619 ,艾格拉斯,4.51,4.56
002618 ,丹邦科技,16.37,16.97
002617 ,露笑科技,5.36,5.18
002616 ,长青集团,8.56,8.82
002615 ,哈尔斯,6.39,6.49
002614 ,奥佳华,21.03,21.13
002613 ,北玻股份,3.49,3.54
002612 ,朗姿股份,10.4,10.39
002611 ,东方精工,4.41,4.49
002610 ,爱康科技,2.28,2.26
002609 ,捷顺科技,8.49,8.3
002608 ,江苏国信,9.9,9.94
002607 ,中公教育,12.38,12.07
002606 ,大连电瓷,8.18,7.74
002605 ,姚记扑克,10.17,10.39
002604 ,*ST龙力,2.11,2.33
002603 ,以岭药业,12.93,13.19
002602 ,世纪华通,19.67,19.78
002601 ,龙蟒佰利,15.42,15.32
002600 ,领益智造,6.43,6.8
002599 ,盛通股份,11.93,11.86
002598 ,山东章鼓,7.97,8.11
002597 ,金禾实业,17.83,18.04
002596 ,海南瑞泽,10.24,10.58
002595 ,豪迈科技,21.15,21.09
002594 ,比亚迪,55.99,55.7
002593 ,日上集团,3.97,4.05
002592 ,八菱科技,20.77,22.34
002591 ,恒大高新,8.17,8.4
002590 ,万安科技,8.61,8.74
002589 ,瑞康医药,8.53,8.71
002588 ,史丹利,5.07,5.14
002587 ,奥拓电子,6.8,6.75
002586 ,围海股份,5.56,5.59
002585 ,双星新材,6.42,6.41
002584 ,西陇科学,7.97,8.12
002583 ,海能达,10.72,10.88
002582 ,好想你,9.27,9.32
002581 ,未名医药,8.91,9.3
002580 ,圣阳股份,6.52,6.42
002579 ,中京电子,11.27,11.26
002578 ,闽发铝业,3.69,4.18
002577 ,雷柏科技,13.1,13.14
002576 ,通达动力,12.86,12.74
002575 ,群兴玩具,8.8,9.32
002574 ,明牌珠宝,6.03,6.08
002573 ,清新环境,9.47,9.94
002572 ,索菲亚,21.36,21.15
002571 ,德力股份,6.28,6.24
002570 ,*ST因美,6.8,6.8
002569 ,步森股份,12.2,13.03
002568 ,百润股份,13.39,13.8
002567 ,唐人神,14.0,12.36
002566 ,益盛药业,7.13,7.24
002565 ,顺灏股份,11.56,13.99
002564 ,天沃科技,5.78,5.77
002563 ,森马服饰,11.72,11.55
002562 ,兄弟科技,5.98,5.89
002561 ,徐家汇,9.63,9.65
002560 ,通达股份,5.76,5.91
002559 ,亚威股份,8.28,8.28
002558 ,巨人网络,25.38,24.78
002557 ,洽洽食品,25.63,24.92
002556 ,辉隆股份,6.0,6.37
002555 ,三七互娱,14.97,14.62
002554 ,惠博普,3.82,4.11
002553 ,南方轴承,6.88,6.8
002552 ,宝鼎科技,7.32,7.55
002551 ,尚荣医疗,6.28,6.29
002550 ,千红制药,5.02,4.99
002549 ,凯美特气,6.69,6.55
002548 ,金新农,11.5,11.0
002547 ,春兴精工,8.55,8.32
002546 ,新联电子,5.79,5.96
002545 ,东方铁塔,7.72,7.8
002544 ,杰赛科技,14.1,14.25
002543 ,万和电气,15.88,15.84
002542 ,中化岩土,5.55,5.65
002541 ,鸿路钢构,8.55,8.59
002540 ,亚太科技,5.65,5.8
002539 ,云图控股,5.71,5.75
002538 ,司尔特,5.94,6.0
002537 ,海联金汇,12.33,12.31
002536 ,西泵股份,10.94,10.96
002535 ,林州重机,4.77,4.71
002534 ,杭锅股份,7.09,6.97
002533 ,金杯电工,6.2,6.22
002532 ,新界泵业,0.0,0.0
002531 ,天顺风能,6.63,6.88
002530 ,金财互联,10.96,10.85
002529 ,海源复材,9.01,9.07
002528 ,英飞拓,5.0,5.03
002527 ,新时达,6.86,6.94
002526 ,山东矿机,3.04,3.2
002524 ,光正集团,6.01,6.02
002523 ,天桥起重,3.9,3.86
002522 ,浙江众成,5.76,5.87
002521 ,齐峰新材,6.59,6.65
002520 ,日发精机,8.33,8.73
002519 ,银河电子,4.95,4.92
002518 ,科士达,11.64,12.89
002517 ,恺英网络,5.07,5.03
002516 ,旷达科技,3.43,3.46
002515 ,金字火腿,5.93,6.49
002514 ,宝馨科技,6.69,6.63
002513 ,蓝丰生化,6.22,6.32
002512 ,达华智能,6.2,6.22
002511 ,中顺洁柔,8.59,9.03
002510 ,天汽模,4.94,4.91
002509 ,天广中茂,3.0,3.06
002508 ,老板电器,28.9,28.36
002507 ,涪陵榨菜,27.98,28.23
002506 ,协鑫集成,5.2,5.13
002505 ,大康农业,2.27,2.27
002504 ,弘高创意,4.74,4.61
002503 ,搜于特,3.09,3.12
002502 ,骅威文化,4.57,4.67
002501 ,利源精制,3.47,3.57
002500 ,山西证券,8.73,9.16
002499 ,科林环保,8.87,9.18
002498 ,汉缆股份,3.37,3.26
002497 ,雅化集团,8.75,8.49
002496 ,辉丰股份,3.0,2.99
002495 ,佳隆股份,4.25,4.22
002494 ,华斯股份,6.2,6.43
002493 ,荣盛石化,12.1,11.92
002492 ,恒基达鑫,6.58,6.55
002491 ,通鼎互联,11.64,11.36
002490 ,山东墨龙,5.41,5.26
002489 ,浙江永强,3.54,3.56
002488 ,金固股份,11.15,12.19
002487 ,大金重工,4.77,4.85
002486 ,嘉麟杰,4.32,4.3
002485 ,希努尔,8.34,8.32
002484 ,江海股份,7.84,7.87
002483 ,润邦股份,4.72,4.68
002482 ,广田集团,6.45,6.48
002481 ,双塔食品,3.97,4.0
002480 ,新筑股份,6.06,6.01
002479 ,富春环保,5.51,5.57
002478 ,常宝股份,6.05,6.3
002477 ,雏鹰农牧,2.67,2.49
002476 ,宝莫股份,6.15,6.06
002475 ,立讯精密,23.64,23.07
002474 ,榕基软件,10.13,10.23
002473 ,圣莱达,9.93,12.01
002472 ,双环传动,7.58,7.61
002471 ,中超控股,3.59,3.68
002470 ,金正大,7.99,7.87
002469 ,三维工程,4.77,4.77
002468 ,申通快递,23.23,22.68
002467 ,二六三,6.77,6.97
002466 ,天齐锂业,38.7,37.99
002465 ,海格通信,9.94,9.89
002464 ,众应互联,10.7,12.0
002463 ,沪电股份,11.19,11.16
002462 ,嘉事堂,17.89,18.13
002461 ,珠江啤酒,6.07,6.03
002460 ,赣锋锂业,30.53,30.43
002459 ,天业通联,12.53,12.6
002458 ,益生股份,41.1,40.87
002457 ,青龙管业,9.72,9.88
002456 ,欧菲科技,13.86,13.89
002455 ,百川股份,6.18,6.21
002454 ,松芝股份,5.35,5.39
002453 ,华软科技,6.77,6.68
002452 ,长高集团,4.58,4.52
002451 ,摩恩电气,13.07,12.92
002450 ,ST康得新,6.67,6.8
002449 ,国星光电,13.12,13.0
002448 ,中原内配,6.47,6.46
002447 ,晨鑫科技,3.6,3.63
002446 ,盛路通信,9.48,9.67
002445 ,ST中南,2.2,2.26
002444 ,巨星科技,12.5,12.31
002443 ,金洲管道,8.75,8.36
002442 ,龙星化工,8.24,8.17
002441 ,众业达,8.51,8.43
002440 ,闰土股份,11.99,11.84
002439 ,启明星辰,28.8,28.61
002438 ,江苏神通,7.31,7.64
002437 ,誉衡药业,5.59,5.73
002436 ,兴森科技,5.9,5.8
002435 ,长江润发,7.27,7.25
002434 ,万里扬,7.05,7.01
002433 ,太安堂,5.94,6.05
002432 ,九安医疗,7.03,6.96
002431 ,棕榈股份,4.86,4.87
002430 ,杭氧股份,12.21,12.25
002429 ,兆驰股份,3.16,3.32
002428 ,云南锗业,7.84,7.96
002427 ,*ST尤夫,17.8,17.37
002426 ,胜利精密,3.77,3.75
002425 ,凯撒文化,8.75,8.65
002424 ,贵州百灵,10.38,10.38
002423 ,中原特钢,11.57,11.8
002422 ,科伦药业,25.9,25.47
002421 ,达实智能,5.04,4.97
002420 ,毅昌股份,4.33,4.46
002419 ,天虹股份,13.37,13.17
002418 ,康盛股份,5.0,4.9
002417 ,深南股份,9.26,9.4
002416 ,爱施德,6.44,6.55
002415 ,海康威视,36.18,35.06
002414 ,高德红外,28.53,28.0
002413 ,雷科防务,7.42,7.34
002412 ,汉森制药,17.69,17.91
002411 ,延安必康,20.6,19.66
002410 ,广联达,29.46,29.03
002409 ,雅克科技,18.0,17.73
002408 ,齐翔腾达,8.53,8.56
002407 ,多氟多,15.79,16.04
002406 ,远东传动,6.67,6.69
002405 ,四维图新,22.57,22.78
002404 ,嘉欣丝绸,6.74,6.64
002403 ,爱仕达,9.73,9.72
002402 ,和而泰,9.41,9.46
002401 ,中远海科,11.86,12.05
002400 ,省广集团,4.0,3.98
002399 ,海普瑞,25.5,25.7
002398 ,建研集团,5.56,6.15
002397 ,梦洁股份,5.07,5.27
002396 ,星网锐捷,24.3,24.3
002395 ,双象股份,14.73,14.85
002394 ,联发股份,11.4,11.44
002393 ,力生制药,28.03,28.14
002392 ,北京利尔,4.01,4.06
002391 ,长青股份,13.95,13.76
002390 ,信邦制药,5.48,5.76
002389 ,航天彩虹,14.55,14.37
002388 ,新亚制程,5.96,6.02
002387 ,维信诺,13.35,13.25
002386 ,天原集团,6.73,6.78
002385 ,大北农,5.24,5.14
002384 ,东山精密,16.82,18.09
002383 ,合众思壮,14.73,14.59
002382 ,蓝帆医疗,15.67,15.55
002381 ,双箭股份,9.11,10.13
002380 ,科远股份,14.47,14.62
002379 ,宏创控股,3.62,3.65
002378 ,章源钨业,6.98,6.94
002377 ,国创高新,6.48,6.6
002376 ,新北洋,17.46,17.42
002375 ,亚厦股份,6.66,6.78
002374 ,丽鹏股份,3.42,3.45
002373 ,千方科技,17.74,18.09
002372 ,伟星新材,17.59,18.25
002371 ,北方华创,71.66,70.0
002370 ,亚太药业,13.83,14.12
002369 ,卓翼科技,10.12,10.5
002368 ,太极股份,32.36,32.49
002367 ,康力电梯,9.6,9.06
002366 ,台海核电,14.68,14.23
002365 ,永安药业,12.62,12.95
002364 ,中恒电气,11.7,11.5
002363 ,隆基机械,6.45,6.55
002362 ,汉王科技,18.86,18.58
002361 ,神剑股份,4.61,4.62
002360 ,同德化工,6.29,6.5
002359 ,北讯集团,11.44,11.82
002358 ,森源电气,15.62,15.4
002357 ,富临运业,6.9,6.77
002356 ,赫美集团,17.69,21.41
002355 ,兴民智通,8.69,8.6
002354 ,天神娱乐,5.9,6.39
002353 ,杰瑞股份,22.36,22.91
002352 ,顺丰控股,35.65,35.23
002351 ,漫步者,6.34,6.39
002350 ,北京科锐,7.39,7.5
002349 ,精华制药,6.85,6.89
002348 ,高乐股份,4.21,4.32
002347 ,泰尔股份,4.86,4.91
002346 ,柘中股份,15.15,14.76
002345 ,潮宏基,5.31,5.41
002344 ,海宁皮城,5.59,5.66
002343 ,慈文传媒,11.18,11.03
002342 ,巨力索具,4.21,4.38
002341 ,新纶科技,11.65,11.68
002340 ,格林美,5.2,5.23
002339 ,积成电子,9.05,9.08
002338 ,奥普光电,14.41,15.5
002337 ,赛象科技,5.47,5.65
002336 ,人人乐,7.65,7.8
002335 ,科华恒盛,20.15,19.77
002334 ,英威腾,6.12,6.18
002333 ,罗普斯金,8.42,9.67
002332 ,仙琚制药,8.41,8.7
002331 ,皖通科技,11.98,12.54
002330 ,得利斯,6.09,6.02
002329 ,皇氏集团,4.37,4.39
002328 ,新朋股份,7.71,7.67
002327 ,富安娜,8.92,8.86
002326 ,永太科技,9.57,9.49
002325 ,洪涛股份,3.86,3.91
002324 ,普利特,11.57,11.54
002323 ,*ST百特,0.0,0.0
002322 ,理工环科,13.12,13.77
002321 ,华英农业,8.42,8.19
002320 ,海峡股份,17.66,17.48
002319 ,乐通股份,13.35,13.3
002318 ,久立特材,8.55,8.37
002317 ,众生药业,10.0,9.96
002316 ,亚联发展,9.03,8.99
002315 ,焦点科技,15.28,15.5
002314 ,南山控股,3.88,3.96
002313 ,日海智能,26.75,25.87
002312 ,三泰控股,4.08,4.07
002311 ,海大集团,27.61,26.46
002310 ,东方园林,8.64,8.5
002309 ,中利集团,9.76,10.03
002308 ,威创股份,6.23,6.39
002307 ,北新路桥,7.52,9.1
002306 ,*ST云网,4.05,4.17
002305 ,南国置业,3.25,3.27
002304 ,洋河股份,117.5,116.4
002303 ,美盈森,5.32,5.35
002302 ,西部建设,14.25,17.25
002301 ,齐心集团,10.31,10.19
002300 ,太阳电缆,7.23,7.25
002299 ,圣农发展,26.96,26.4
002298 ,中电兴发,8.02,8.0
002297 ,博云新材,8.22,8.3
002296 ,辉煌科技,6.73,7.03
002295 ,精艺股份,8.66,8.51
002294 ,信立泰,26.04,28.29
002293 ,罗莱生活,11.55,11.69
002292 ,奥飞娱乐,9.31,9.58
002291 ,星期六,5.65,5.68
002290 ,中科新材,10.95,10.82
002289 ,宇顺电子,7.53,7.41
002288 ,超华科技,5.92,5.92
002287 ,奇正藏药,30.73,30.55
002286 ,保龄宝,6.87,7.0
002285 ,世联行,6.21,6.25
002284 ,亚太股份,5.69,5.74
002283 ,天润曲轴,4.5,4.47
002282 ,博深工具,10.26,10.62
002281 ,光迅科技,33.75,33.26
002280 ,联络互动,5.07,5.05
002279 ,久其软件,9.21,9.18
002278 ,神开股份,7.91,7.82
002277 ,友阿股份,4.15,4.22
002276 ,万马股份,7.54,7.3
002275 ,桂林三金,14.9,15.14
002274 ,华昌化工,7.92,8.03
002273 ,水晶光电,14.02,14.23
002272 ,川润股份,5.32,5.46
002271 ,东方雨虹,21.07,21.83
002270 ,华明装备,5.56,5.49
002269 ,美邦服饰,3.23,3.29
002268 ,卫 士 通,31.85,31.2
002267 ,陕天然气,8.84,8.75
002266 ,浙富控股,0.0,0.0
002265 ,西仪股份,9.68,9.63
002264 ,新 华 都,6.78,6.74
002263 ,*ST东南,2.1,2.13
002262 ,恩华药业,13.24,12.96
002261 ,拓维信息,5.79,5.89
002260 ,*ST德奥,3.31,3.49
002259 ,ST升达,2.59,2.6
002258 ,利尔化学,16.66,16.27
002256 ,兆新股份,3.73,3.68
002255 ,海陆重工,5.06,4.85
002254 ,泰和新材,11.44,11.39
002253 ,川大智胜,17.62,17.75
002252 ,上海莱士,9.76,10.06
002251 ,步 步 高,9.66,9.57
002250 ,联化科技,12.24,12.77
002249 ,大洋电机,5.6,5.58
002248 ,华东数控,10.78,10.83
002247 ,聚力文化,5.23,5.21
002246 ,北化股份,8.27,8.35
002245 ,澳洋顺昌,5.18,5.15
002244 ,滨江集团,4.75,4.73
002243 ,通产丽星,19.84,20.48
002242 ,九阳股份,22.3,23.01
002241 ,歌尔股份,9.95,9.94
002240 ,威华股份,10.67,10.28
002239 ,奥特佳,2.79,2.71
002238 ,天威视讯,10.68,11.5
002237 ,恒邦股份,9.94,10.19
002236 ,大华股份,17.44,17.07
002235 ,安妮股份,7.54,7.75
002234 ,民和股份,30.1,28.99
002233 ,塔牌集团,12.37,12.14
002232 ,启明信息,9.13,9.3
002231 ,奥维通信,7.71,7.87
002230 ,科大讯飞,37.22,36.78
002229 ,鸿博股份,8.92,9.4
002228 ,合兴包装,5.71,5.7
002227 ,奥 特 迅,14.78,14.07
002226 ,江南化工,7.35,7.3
002225 ,濮耐股份,5.53,5.55
002224 ,三 力 士,6.88,6.93
002223 ,鱼跃医疗,24.06,23.93
002222 ,福晶科技,14.0,14.08
002221 ,东华能源,9.88,9.83
002220 ,天宝食品,3.4,3.43
002219 ,恒康医疗,4.02,4.03
002218 ,拓日新能,3.83,3.83
002217 ,合力泰,7.5,7.35
002216 ,三全食品,7.83,7.84
002215 ,诺 普 信,6.75,6.69
002214 ,大立科技,8.38,8.38
002213 ,特 尔 佳,10.33,10.25
002212 ,南洋股份,17.5,17.64
002211 ,宏达新材,5.78,5.92
002210 ,飞马国际,4.13,4.19
002209 ,达 意 隆,8.38,8.37
002208 ,合肥城建,0.0,0.0
002207 ,ST准油,6.29,6.49
002206 ,海 利 得,4.71,4.69
002205 ,国统股份,16.0,16.96
002204 ,大连重工,3.83,3.9
002203 ,海亮股份,8.6,8.68
002202 ,金风科技,14.68,0.0
002201 ,九鼎新材,8.35,8.19
002200 ,云投生态,7.1,7.51
002199 ,东晶电子,13.65,14.05
002198 ,嘉应制药,6.65,6.9
002197 ,证通电子,10.3,10.42
002196 ,方正电机,6.41,6.26
002195 ,二三四五,5.75,6.21
002194 ,*ST凡谷,12.27,12.28
002193 ,如意集团,10.73,10.77
002192 ,融捷股份,31.6,30.9
002191 ,劲嘉股份,10.5,11.5
002190 ,成飞集成,20.14,19.76
002189 ,利达光电,22.58,25.18
002188 ,*ST巴士,4.16,4.27
002187 ,广百股份,9.27,9.34
002186 ,全 聚 德,13.09,13.08
002185 ,华天科技,5.88,5.89
002184 ,海得控制,12.71,12.63
002183 ,怡 亚 通,5.86,6.18
002182 ,云海金属,8.91,9.17
002181 ,粤 传 媒,6.56,7.41
002180 ,纳思达,30.85,31.19
002179 ,中航光电,44.32,43.78
002178 ,延华智能,4.79,4.83
002177 ,御银股份,4.56,4.61
002176 ,江特电机,6.77,6.55
002175 ,东方网络,6.77,7.33
002174 ,游族网络,24.62,23.85
002173 ,创新医疗,9.03,9.03
002172 ,澳洋健康,4.7,4.99
002171 ,楚江新材,6.62,6.69
002170 ,芭田股份,4.59,4.59
002169 ,智光电气,5.97,5.87
002168 ,惠程科技,11.76,12.43
002167 ,东方锆业,7.65,7.55
002166 ,莱茵生物,8.54,8.76
002165 ,红 宝 丽,4.81,4.84
002164 ,宁波东力,4.12,4.27
002163 ,中航三鑫,5.89,5.94
002162 ,悦心健康,3.86,4.03
002161 ,远 望 谷,7.53,7.61
002160 ,常铝股份,4.3,4.34
002159 ,三特索道,20.95,21.16
002158 ,汉钟精机,10.88,11.25
002157 ,正邦科技,16.9,15.68
002156 ,通富微电,10.5,10.61
002155 ,湖南黄金,8.28,8.55
002154 ,报 喜 鸟,3.92,3.89
002153 ,石基信息,33.76,33.92
002152 ,广电运通,7.15,7.02
002151 ,北斗星通,26.79,26.36
002150 ,通润装备,8.23,8.11
002149 ,西部材料,9.18,10.3
002148 ,北纬科技,7.32,7.34
002147 ,ST新光,3.4,3.36
002146 ,荣盛发展,10.94,11.1
002145 ,中核钛白,4.57,4.49
002144 ,宏达高科,11.83,12.2
002143 ,印纪传媒,4.22,4.35
002142 ,宁波银行,20.1,20.64
002141 ,贤丰控股,5.12,5.03
002140 ,东华科技,8.01,8.07
002139 ,拓邦股份,6.2,6.09
002138 ,顺络电子,17.41,17.15
002137 ,麦达数字,8.17,8.89
002136 ,安 纳 达,9.31,9.22
002135 ,东南网架,5.8,5.92
002134 ,天津普林,7.4,7.38
002133 ,广宇集团,4.36,4.37
002132 ,恒星科技,3.08,3.12
002131 ,利欧股份,2.25,2.23
002130 ,沃尔核材,5.04,5.24
002129 ,中环股份,10.22,10.06
002128 ,露天煤业,9.07,9.04
002127 ,南极电商,11.5,11.49
002126 ,银轮股份,9.4,9.32
002125 ,湘潭电化,11.86,10.94
002124 ,天邦股份,18.85,16.9
002123 ,梦网集团,12.4,12.55
002122 ,*ST天马,2.96,3.27
002121 ,科陆电子,6.51,6.5
002120 ,韵达股份,37.69,36.98
002119 ,康强电子,12.08,11.97
002118 ,紫鑫药业,7.83,9.18
002117 ,东港股份,18.48,18.64
002116 ,中国海诚,10.17,10.12
002115 ,三维通信,12.57,12.5
002114 ,罗平锌电,8.59,8.68
002113 ,天润数娱,4.31,4.35
002112 ,三变科技,8.4,8.25
002111 ,威海广泰,13.67,13.27
002110 ,三钢闽光,17.05,17.14
002109 ,兴化股份,4.29,5.19
002108 ,沧州明珠,5.5,5.38
002107 ,沃华医药,8.76,8.79
002106 ,莱宝高科,8.47,8.65
002105 ,信隆健康,5.54,5.13
002104 ,恒宝股份,7.86,7.87
002103 ,广博股份,5.33,5.33
002102 ,ST冠福,2.07,2.1
002101 ,广东鸿图,9.6,9.45
002100 ,天康生物,9.0,8.4
002099 ,海翔药业,6.44,6.3
002098 ,浔兴股份,10.38,10.42
002097 ,山河智能,7.04,7.04
002096 ,南岭民爆,7.14,7.14
002095 ,生 意 宝,29.51,29.77
002094 ,青岛金王,5.81,6.82
002093 ,国脉科技,9.9,9.8
002092 ,中泰化学,9.78,9.76
002091 ,江苏国泰,6.95,6.91
002090 ,金智科技,22.02,22.19
002089 ,新 海 宜,5.44,5.45
002088 ,鲁阳节能,11.36,11.66
002087 ,新野纺织,4.73,4.76
002086 ,ST东海洋,4.9,5.01
002085 ,万丰奥威,8.58,8.47
002084 ,海鸥住工,5.24,5.48
002083 ,孚日股份,5.73,5.87
002082 ,万邦德,9.2,9.37
002081 ,金 螳 螂,10.99,10.86
002080 ,中材科技,14.07,14.5
002079 ,苏州固锝,7.32,7.35
002078 ,太阳纸业,7.14,7.19
002077 ,大港股份,6.57,7.21
002076 ,雪 莱 特,4.84,4.72
002075 ,沙钢股份,10.53,10.5
002074 ,国轩高科,18.37,18.43
002073 ,软控股份,6.58,6.62
002072 ,凯瑞德,7.06,7.1
002071 ,长城影视,5.53,5.44
002070 ,*ST众和,0.0,0.0
002069 ,獐子岛,4.97,4.84
002068 ,黑猫股份,6.75,6.89
002067 ,景兴纸业,4.19,4.21
002066 ,瑞泰科技,9.38,9.25
002065 ,东华软件,8.97,8.93
002064 ,华峰氨纶,5.46,5.48
002063 ,远光软件,11.01,11.23
002062 ,宏润建设,4.51,4.63
002061 ,浙江交科,9.29,9.31
002060 ,粤 水 电,3.53,3.54
002059 ,云南旅游,6.66,6.82
002058 ,威 尔 泰,14.21,14.48
002057 ,中钢天源,8.37,8.07
002056 ,横店东磁,7.32,7.29
002055 ,得润电子,15.03,14.94
002054 ,德美化工,7.31,7.48
002053 ,云南能投,8.54,8.6
002052 ,同洲电子,4.93,5.08
002051 ,中工国际,15.54,15.83
002050 ,三花智控,16.3,16.2
002049 ,紫光国微,40.8,40.61
002048 ,宁波华翔,13.25,13.16
002047 ,宝鹰股份,7.25,7.42
002046 ,轴研科技,8.54,8.75
002045 ,国光电器,6.16,6.05
002044 ,美年健康,18.55,18.32
002043 ,兔 宝 宝,6.42,6.44
002042 ,华孚时尚,7.49,7.54
002041 ,登海种业,6.57,6.67
002040 ,南 京 港,10.97,11.03
002039 ,黔源电力,14.34,14.57
002038 ,双鹭药业,28.97,28.69
002037 ,久联发展,10.03,10.31
002036 ,联创电子,13.18,13.23
002035 ,华帝股份,12.59,12.17
002034 ,旺能环境,17.8,18.67
002033 ,丽江旅游,6.88,6.97
002032 ,苏 泊 尔,65.56,64.82
002031 ,巨轮智能,2.83,2.79
002030 ,达安基因,13.14,13.48
002029 ,七 匹 狼,7.5,7.5
002028 ,思源电气,12.98,12.9
002027 ,分众传媒,6.81,7.01
002026 ,山东威达,6.91,6.79
002025 ,航天电器,28.4,28.08
002024 ,苏宁易购,12.48,12.3
002023 ,海特高新,12.83,12.71
002022 ,科华生物,11.98,12.12
002021 ,中捷资源,3.47,3.54
002020 ,京新药业,11.07,11.02
002019 ,亿帆医药,14.48,14.22
002018 ,*ST华信,1.31,1.4
002017 ,东信和平,16.72,20.23
002016 ,世荣兆业,10.62,10.75
002015 ,霞客环保,6.93,6.61
002014 ,永新股份,7.8,7.99
002013 ,中航机电,7.98,7.83
002012 ,凯恩股份,5.25,5.26
002011 ,盾安环境,6.54,6.49
002010 ,传化智联,8.34,8.8
002009 ,天奇股份,11.17,11.33
002008 ,大族激光,43.13,42.38
002007 ,华兰生物,44.46,42.32
002006 ,精功科技,6.37,6.29
002005 ,德豪润达,2.92,2.93
002004 ,华邦健康,5.58,5.61
002003 ,伟星股份,7.66,7.73
002002 ,鸿达兴业,5.7,5.49
002001 ,新 和 成,18.82,18.75
001979 ,招商蛇口,21.88,22.71
001965 ,招商公路,9.2,9.36
001896 ,豫能控股,3.91,4.02
001872 ,招商港口,18.5,18.78
001696 ,宗申动力,6.44,6.26
000999 ,华润三九,28.95,28.69
000998 ,隆平高科,17.09,16.93
000997 ,新 大 陆,18.3,18.04
000996 ,中国中期,14.11,14.5
000995 ,*ST皇台,4.66,4.87
000993 ,闽东电力,8.61,10.42
000990 ,诚志股份,20.92,25.31
000989 ,九 芝 堂,13.48,13.35
000988 ,华工科技,16.58,17.02
000987 ,越秀金控,10.4,10.59
000985 ,大庆华科,15.83,14.95
000983 ,西山煤电,6.38,6.39
000982 ,*ST 中绒,1.44,1.52
000981 ,银亿股份,4.86,4.72
000980 ,众泰汽车,5.4,5.51
000978 ,桂林旅游,6.4,6.51
000977 ,浪潮信息,25.25,25.63
000976 ,华铁股份,5.33,5.31
000975 ,银泰资源,10.67,11.07
000973 ,佛塑科技,5.03,4.95
000972 ,ST中基,3.74,3.82
000971 ,高升控股,5.02,5.09
000970 ,中科三环,10.22,10.13
000969 ,安泰科技,6.93,6.98
000968 ,蓝焰控股,13.1,13.24
000967 ,盈峰环境,6.88,7.0
000966 ,长源电力,4.34,4.32
000965 ,天保基建,4.58,4.57
000963 ,华东医药,33.5,33.74
000962 ,东方钽业,8.54,8.49
000961 ,中南建设,9.3,9.38
000960 ,锡业股份,12.2,12.38
000959 ,首钢股份,4.45,4.48
000958 ,东方能源,4.8,4.85
000957 ,中通客车,8.17,8.1
000955 ,欣龙控股,5.85,6.42
000953 ,*ST河化,4.21,4.45
000952 ,广济药业,11.75,11.6
000951 ,中国重汽,18.09,20.05
000950 ,重药控股,5.96,6.32
000949 ,新乡化纤,3.39,3.44
000948 ,南天信息,17.1,17.19
000939 ,*ST凯迪,1.25,1.33
000938 ,紫光股份,44.59,44.5
000937 ,冀中能源,4.37,4.41
000936 ,华西股份,10.18,10.68
000935 ,四川双马,19.2,19.6
000933 ,神火股份,5.24,5.32
000932 ,华菱钢铁,7.82,7.8
000931 ,中 关 村,9.39,9.62
000930 ,中粮生化,8.75,8.77
000929 ,兰州黄河,7.89,8.39
000928 ,中钢国际,6.27,6.58
000927 ,一汽夏利,4.0,4.0
000926 ,福星股份,7.64,7.69
000925 ,众合科技,8.59,8.5
000923 ,河北宣工,15.7,16.38
000922 ,佳电股份,9.28,9.07
000921 ,海信家电,12.9,12.92
000920 ,南方汇通,7.47,7.46
000919 ,金陵药业,7.72,7.76
000918 ,嘉凯城,7.34,7.73
000917 ,电广传媒,10.13,10.61
000915 ,山大华特,21.45,22.16
000913 ,钱江摩托,10.76,11.95
000912 ,*ST天化,6.02,6.31
000911 ,南宁糖业,8.99,8.58
000910 ,大亚圣象,13.43,13.03
000909 ,数源科技,8.6,8.79
000908 ,景峰医药,5.62,5.57
000906 ,浙商中拓,5.84,6.22
000905 ,厦门港务,8.6,10.41
000903 ,云内动力,3.07,3.12
000902 ,新洋丰,10.82,10.7
000901 ,航天科技,14.87,14.55
000900 ,现代投资,5.03,5.1
000899 ,赣能股份,5.63,5.86
000898 ,鞍钢股份,5.96,5.92
000897 ,津滨发展,2.97,2.82
000895 ,双汇发展,25.58,26.24
000893 ,*ST东凌,4.95,4.89
000892 ,欢瑞世纪,6.1,6.08
000890 ,法 尔 胜,6.73,6.79
000889 ,中嘉博创,12.9,13.28
000888 ,峨眉山Ａ,7.09,7.29
000887 ,中鼎股份,12.76,12.68
000886 ,海南高速,4.77,5.05
000885 ,城发环境,9.12,9.43
000883 ,湖北能源,4.24,4.25
000882 ,华联股份,3.02,3.03
000881 ,中广核技,9.65,9.23
000880 ,潍柴重机,8.96,9.08
000878 ,云南铜业,10.56,10.66
000877 ,天山股份,11.24,13.19
000876 ,新 希 望,12.93,12.52
000875 ,吉电股份,3.15,3.13
000869 ,张 裕Ａ,30.78,31.38
000868 ,安凯客车,4.11,4.1
000863 ,三湘印象,5.27,5.14
000862 ,银星能源,7.09,7.46
000861 ,海印股份,3.0,3.01
000860 ,顺鑫农业,56.19,53.97
000859 ,国风塑业,7.06,7.43
000858 ,五 粮 液,86.0,84.98
000856 ,冀东装备,17.36,17.34
000852 ,石化机械,9.79,9.45
000851 ,高鸿股份,7.06,7.15
000850 ,华茂股份,4.17,4.25
000848 ,承德露露,9.17,9.19
000839 ,中信国安,6.51,6.5
000838 ,财信发展,4.04,4.13
000837 ,秦川机床,5.07,5.16
000836 ,富通鑫茂,4.8,4.81
000835 ,长城动漫,5.51,5.28
000833 ,粤桂股份,5.8,5.78
000831 ,五矿稀土,13.95,13.8
000830 ,鲁西化工,13.41,13.31
000829 ,天音控股,6.61,6.71
000828 ,东莞控股,9.68,9.67
000826 ,启迪桑德,12.52,13.78
000825 ,太钢不锈,5.28,5.3
000823 ,超声电子,10.42,10.26
000822 ,山东海化,5.97,5.95
000821 ,京山轻机,10.44,9.98
000820 ,神雾节能,6.7,7.87
000819 ,岳阳兴长,11.42,11.17
000818 ,航锦科技,13.04,12.67
000816 ,*ST慧业,2.61,2.6
000815 ,美利云,8.91,8.97
000813 ,德展健康,11.64,13.23
000812 ,陕西金叶,4.81,5.22
000811 ,冰轮环境,8.31,8.42
000810 ,创维数字,10.46,10.57
000809 ,铁岭新城,2.98,3.01
000807 ,云铝股份,4.99,5.17
000806 ,银河生物,5.93,6.73
000803 ,金宇车城,15.5,15.0
000802 ,北京文化,12.99,13.46
000801 ,四川九洲,6.53,6.46
000800 ,一汽轿车,8.54,8.58
000799 ,酒鬼酒,23.19,24.2
000798 ,中水渔业,7.01,6.89
000797 ,中国武夷,5.94,5.96
000796 ,凯撒旅游,8.01,9.25
000795 ,英洛华,5.39,5.29
000793 ,华闻传媒,4.63,5.22
000792 ,盐湖股份,7.37,7.56
000791 ,甘肃电投,6.55,6.76
000790 ,泰合健康,5.58,5.65
000789 ,万年青,14.29,14.3
000788 ,北大医药,7.88,9.54
000786 ,北新建材,20.19,19.33
000785 ,武汉中商,11.1,11.12
000783 ,长江证券,7.44,7.67
000782 ,美达股份,5.16,5.34
000780 ,平庄能源,3.75,3.82
000779 ,三毛派神,10.7,10.97
000778 ,新兴铸管,5.22,5.19
000777 ,中核科技,15.59,15.15
000776 ,广发证券,16.67,16.95
000768 ,中航飞机,17.5,17.03
000767 ,漳泽电力,2.99,2.98
000766 ,通化金马,7.78,7.63
000762 ,西藏矿业,8.97,9.12
000761 ,本钢板材,4.11,4.09
000760 ,斯太尔,3.67,3.62
000759 ,中百集团,6.7,6.82
000758 ,中色股份,4.98,5.09
000757 ,浩物股份,5.84,5.87
000756 ,新华制药,7.7,7.67
000755 ,山西路桥,5.01,5.09
000753 ,漳州发展,3.85,3.81
000752 ,西藏发展,8.37,8.74
000751 ,锌业股份,3.81,3.93
000750 ,国海证券,5.71,6.39
000739 ,普洛药业,10.6,10.55
000738 ,航发控制,15.94,15.65
000737 ,*ST南风,4.43,4.82
000736 ,中交地产,9.18,9.37
000735 ,罗 牛 山,13.1,12.98
000733 ,振华科技,15.11,15.28
000732 ,泰禾集团,19.08,19.82
000731 ,四川美丰,7.05,7.13
000729 ,燕京啤酒,6.51,6.43
000728 ,国元证券,10.1,10.4
000727 ,华东科技,2.87,2.99
000726 ,鲁 泰Ａ,10.3,10.37
000725 ,京东方Ａ,3.95,3.93
000723 ,美锦能源,7.08,6.85
000722 ,湖南发展,7.97,8.93
000721 ,西安饮食,4.78,5.79
000720 ,*ST新能,5.11,5.64
000719 ,中原传媒,8.96,9.23
000718 ,苏宁环球,3.88,3.99
000717 ,韶钢松山,6.02,5.98
000716 ,黑芝麻,4.37,4.8
000715 ,中兴商业,9.8,9.68
000713 ,丰乐种业,6.13,6.07
000712 ,锦龙股份,13.95,14.5
000711 ,京蓝科技,7.58,7.59
000710 ,贝瑞基因,45.53,45.0
000709 ,河钢股份,3.52,3.49
000708 ,大冶特钢,12.47,12.68
000707 ,*ST双环,3.87,4.04
000705 ,浙江震元,7.58,7.7
000703 ,恒逸石化,14.66,14.15
000702 ,正虹科技,6.69,6.69
000701 ,厦门信达,7.77,8.3
000700 ,模塑科技,3.84,3.95
000698 ,沈阳化工,4.6,4.52
000697 ,炼石航空,15.03,14.8
000695 ,滨海能源,11.15,11.1
000693 ,*ST华泽,0.0,0.0
000692 ,惠天热电,3.55,3.56
000691 ,亚太实业,5.1,5.08
000690 ,宝新能源,8.21,8.25
000688 ,国城矿业,12.34,12.33
000687 ,华讯方舟,8.8,8.72
000686 ,东北证券,9.43,9.79
000685 ,中山公用,8.62,8.74
000683 ,远兴能源,2.94,3.25
000682 ,东方电子,5.96,7.02
000681 ,视觉中国,28.73,28.07
000680 ,山推股份,4.21,4.3
000679 ,大连友谊,5.08,5.0
000678 ,襄阳轴承,9.08,9.67
000677 ,恒天海龙,3.39,3.71
000676 ,智度股份,11.06,11.09
000673 ,当代东方,5.92,5.86
000672 ,上峰水泥,10.82,11.02
000671 ,阳 光 城,8.69,8.49
000670 ,盈方微,5.71,6.25
000669 ,金鸿控股,7.05,6.71
000668 ,荣丰控股,12.44,12.61
000667 ,美好置业,2.81,2.86
000666 ,经纬纺机,13.98,14.29
000665 ,湖北广电,10.23,10.64
000663 ,永安林业,7.42,7.93
000662 ,天夏智慧,7.67,7.64
000661 ,长春高新,293.99,287.8
000659 ,珠海中富,3.75,3.71
000657 ,中钨高新,7.25,7.19
000656 ,金科股份,6.41,6.51
000655 ,*ST金岭,5.25,5.33
000652 ,泰达股份,4.38,4.56
000651 ,格力电器,47.21,46.17
000650 ,仁和药业,6.64,6.75
000639 ,西王食品,9.11,9.1
000638 ,万方发展,6.33,6.57
000637 ,茂化实华,5.49,5.19
000636 ,风华高科,15.68,15.45
000635 ,英 力 特,9.81,10.12
000633 ,合金投资,5.86,6.59
000632 ,三木集团,5.19,4.99
000631 ,顺发恒业,3.67,3.72
000630 ,铜陵有色,2.66,2.7
000629 ,攀钢钒钛,3.67,3.74
000628 ,高新发展,11.08,11.4
000627 ,天茂集团,6.99,7.12
000626 ,远大控股,8.7,8.9
000625 ,长安汽车,7.86,7.97
000623 ,吉林敖东,18.39,18.67
000622 ,恒立实业,7.44,7.93
000620 ,新华联,4.77,4.9
000619 ,海螺型材,6.31,6.32
000617 ,中油资本,15.17,15.17
000616 ,海航投资,3.53,3.59
000615 ,京汉股份,6.17,6.29
000613 ,大东海A,7.94,8.14
000612 ,焦作万方,4.97,5.05
000611 ,天首发展,4.76,4.79
000610 ,西安旅游,9.2,11.13
000609 ,中迪投资,6.85,6.77
000608 ,阳光股份,6.33,6.49
000607 ,华媒控股,5.46,5.71
000606 ,顺利办,8.51,8.5
000605 ,渤海股份,10.62,11.12
000603 ,盛达矿业,10.91,11.03
000601 ,韶能股份,4.89,4.96
000600 ,建投能源,7.38,7.87
000599 ,青岛双星,4.52,4.62
000598 ,兴蓉环境,4.82,4.82
000597 ,东北制药,13.25,13.18
000596 ,古井贡酒,99.06,96.27
000595 ,宝塔实业,3.76,3.83
000593 ,大通燃气,8.1,8.18
000592 ,平潭发展,4.24,4.2
000591 ,太阳能,4.26,4.28
000590 ,启迪古汉,9.01,9.72
000589 ,黔轮胎Ａ,4.19,4.14
000587 ,金洲慈航,3.4,3.46
000586 ,汇源通信,11.27,11.47
000585 ,*ST东电,2.9,3.2
000584 ,哈工智能,8.88,8.94
000582 ,北部湾港,8.8,8.89
000581 ,威孚高科,22.96,24.09
000576 ,广东甘化,9.69,10.27
000573 ,粤宏远Ａ,3.66,3.76
000572 ,海马汽车,2.7,3.16
000571 ,新大洲Ａ,4.04,3.84
000570 ,苏常柴Ａ,5.71,6.91
000568 ,泸州老窖,59.16,60.44
000567 ,海德股份,13.92,14.16
000566 ,海南海药,8.08,8.17
000565 ,渝三峡Ａ,5.87,5.89
000564 ,供销大集,3.62,3.98
000563 ,陕国投Ａ,5.17,6.23
000561 ,烽火电子,7.21,7.31
000560 ,我爱我家,7.12,7.22
000559 ,万向钱潮,6.95,6.94
000558 ,莱茵体育,4.2,4.28
000557 ,西部创业,4.73,5.01
000555 ,神州信息,13.84,13.82
000554 ,泰山石油,7.34,6.78
000553 ,安道麦A,11.7,11.51
000552 ,靖远煤电,3.23,3.25
000551 ,创元科技,7.26,7.31
000550 ,江铃汽车,21.19,21.49
000548 ,湖南投资,5.26,5.56
000547 ,航天发展,10.75,10.47
000546 ,金圆股份,10.8,10.35
000545 ,金浦钛业,4.0,4.01
000544 ,中原环保,6.33,6.43
000543 ,皖能电力,5.67,5.7
000541 ,佛山照明,6.15,6.22
000540 ,中天金融,4.88,4.88
000539 ,粤电力Ａ,4.72,4.89
000538 ,云南白药,86.29,85.6
000537 ,广宇发展,9.09,9.1
000536 ,华映科技,3.55,3.67
000534 ,万泽股份,10.08,10.2
000533 ,顺钠股份,3.96,3.89
000532 ,华金资本,13.18,13.56
000531 ,穗恒运Ａ,7.42,7.35
000530 ,大冷股份,4.93,4.95
000529 ,广弘控股,6.42,6.42
000528 ,柳 工,7.9,7.89
000526 ,紫光学大,24.94,26.86
000525 ,红 太 阳,15.79,15.7
000524 ,岭南控股,8.12,8.25
000523 ,广州浪奇,5.37,5.69
000521 ,长虹美菱,4.15,4.08
000520 ,长航凤凰,3.46,3.49
000519 ,中兵红箭,8.22,8.31
000518 ,四环生物,4.42,4.34
000517 ,荣安地产,3.08,3.55
000516 ,国际医学,6.12,6.04
000514 ,渝 开 发,4.54,4.73
000513 ,丽珠集团,36.55,36.4
000510 ,金路集团,5.5,5.4
000509 ,华塑控股,3.25,3.31
000507 ,珠海港,7.83,7.85
000506 ,中润资源,3.55,3.91
000505 ,京粮控股,6.59,6.73
000504 ,南华生物,14.18,17.16
000503 ,国新健康,23.1,27.95
000502 ,绿景控股,8.38,8.6
000501 ,鄂武商Ａ,11.35,11.47
000498 ,山东路桥,6.34,6.4
000488 ,晨鸣纸业,6.94,6.99
000430 ,张家界,6.15,6.19
000429 ,粤高速Ａ,8.85,8.85
000428 ,华天酒店,3.4,3.39
000426 ,兴业矿业,6.82,6.82
000425 ,徐工机械,4.49,4.49
000423 ,东阿阿胶,49.3,48.31
000422 ,*ST宜化,4.12,4.1
000421 ,南京公用,5.55,5.6
000420 ,吉林化纤,2.72,2.83
000419 ,通程控股,5.2,5.25
000418 ,小天鹅Ａ,57.28,56.15
000417 ,合肥百货,5.27,5.47
000416 ,民生控股,5.3,5.7
000415 ,渤海租赁,4.69,4.86
000413 ,东旭光电,6.36,6.31
000411 ,英特集团,13.65,13.58
000410 ,沈阳机床,8.11,8.06
000409 ,*ST地矿,4.97,5.48
000408 ,藏格控股,12.74,12.79
000407 ,胜利股份,5.17,4.97
000404 ,长虹华意,5.0,4.98
000403 ,振兴生化,27.21,28.04
000402 ,金 融 街,8.26,8.33
000401 ,冀东水泥,16.97,17.11
000400 ,许继电气,11.28,11.28
000338 ,潍柴动力,11.21,11.6
000333 ,美的集团,49.25,48.36
000301 ,东方盛虹,6.14,6.02
000166 ,申万宏源,5.64,5.76
000159 ,国际实业,8.0,9.68
000158 ,常山北明,6.51,6.76
000157 ,中联重科,4.53,4.55
000156 ,华数传媒,10.94,12.63
000155 ,川能动力,4.73,5.07
000153 ,丰原药业,6.89,6.93
000151 ,中成股份,13.58,13.67
000150 ,宜华健康,12.8,12.09
000100 ,TCL 集团,3.83,3.78
000099 ,中信海直,7.84,7.9
000096 ,广聚能源,11.18,11.15
000090 ,天健集团,6.33,6.81
000089 ,深圳机场,9.58,9.78
000088 ,盐 田 港,6.57,6.77
000078 ,海王生物,4.53,4.53
000070 ,特发信息,14.98,16.03
000069 ,华侨城Ａ,7.15,7.29
000068 ,华控赛格,6.41,6.68
000066 ,中国长城,9.06,10.56
000065 ,北方国际,11.34,11.41
000063 ,中兴通讯,29.03,29.02
000062 ,深圳华强,21.16,21.55
000061 ,农 产 品,6.09,6.2
000060 ,中金岭南,5.13,5.19
000059 ,华锦股份,7.24,7.19
000058 ,深 赛 格,7.52,7.69
000056 ,皇庭国际,6.58,6.28
000055 ,方大集团,6.55,6.48
000050 ,深天马Ａ,16.67,16.55
000049 ,德赛电池,34.81,34.9
000048 ,*ST康达,20.07,20.02
000046 ,泛海控股,7.28,7.37
000045 ,深纺织Ａ,7.47,7.77
000043 ,中航善达,8.86,8.81
000042 ,中洲控股,13.19,13.16
000040 ,东旭蓝天,8.87,8.9
000039 ,中集集团,13.89,13.91
000038 ,深大通,14.0,13.95
000037 ,深南电A,11.0,12.2
000036 ,华联控股,7.57,7.55
000035 ,中国天楹,5.55,5.47
000034 ,神州数码,15.12,15.37
000032 ,深桑达Ａ,9.91,10.49
000031 ,中粮地产,6.12,6.24
000030 ,富奥股份,5.13,5.11
000029 ,深深房Ａ,0.0,0.0
000028 ,国药一致,49.26,49.89
000027 ,深圳能源,6.51,6.6
000026 ,飞亚达Ａ,9.07,9.24
000025 ,特 力Ａ,33.09,33.82
000023 ,深天地Ａ,15.96,16.12
000021 ,深科技,8.44,9.15
000020 ,深华发Ａ,12.6,12.83
000019 ,深粮控股,8.39,8.77
000018 ,神州长城,3.03,2.98
000017 ,深中华A,5.4,5.67
000016 ,深康佳Ａ,5.94,5.75
000014 ,沙河股份,11.65,11.73
000012 ,南 玻Ａ,5.6,5.71
000011 ,深物业A,11.09,11.49
000010 ,美丽生态,3.87,3.93
000009 ,中国宝安,6.57,7.36
000008 ,神州高铁,4.59,4.72
000007 ,全新好,8.41,8.28
000006 ,深振业Ａ,6.5,6.59
000005 ,世纪星源,3.72,3.79
000004 ,国农科技,19.64,19.62
000002 ,万 科Ａ,29.15,29.99
000001 ,平安银行,12.79,12.68
900951 ,ST大化B,0.474,0.494
900930 ,*ST沪普B,0.402,0.402
900906 ,*ST毅达B,0.183,0.195
601268 ,*ST二重,0.0,0.0
600656 ,退市博元,0.0,0.0
600087 ,退市长油,0.0,0.0
nan ,三美股份,,
nan ,三美股份,,
nan ,三美股份,,
nan ,三美股份,,
nan ,三美股份,,
nan ,三美股份,,
nan ,三美股份,,
nan ,三美股份,,
nan ,三美股份,,
nan ,震安科技,,
nan ,震安科技,,
nan ,震安科技,,
nan ,震安科技,,
nan ,震安科技,,
nan ,震安科技,,
nan ,震安科技,,
nan ,震安科技,,
nan ,震安科技,,
nan ,每日互动,,
nan ,每日互动,,
nan ,每日互动,,
nan ,每日互动,,
nan ,每日互动,,
nan ,每日互动,,
nan ,每日互动,,
nan ,每日互动,,
nan ,每日互动,,
nan ,新诺威,,
nan ,新诺威,,
nan ,新诺威,,
nan ,新诺威,,
nan ,新诺威,,
nan ,新诺威,,
nan ,新诺威,,
nan ,新诺威,,
nan ,新诺威,,
nan ,青农商行,,
nan ,青农商行,,
nan ,青农商行,,
nan ,青农商行,,
nan ,青农商行,,
nan ,青农商行,,
nan ,青农商行,,
nan ,青农商行,,
nan ,青农商行,,
nan ,亚世光电,,
nan ,亚世光电,,
nan ,亚世光电,,
nan ,亚世光电,,
nan ,亚世光电,,
nan ,亚世光电,,
nan ,亚世光电,,
nan ,亚世光电,,
nan ,亚世光电,,
nan ,永冠新材,,
nan ,永冠新材,,
nan ,永冠新材,,
nan ,永冠新材,,
nan ,永冠新材,,
nan ,永冠新材,,
nan ,永冠新材,,
nan ,永冠新材,,
nan ,永冠新材,,
